title,noun,count
모가디슈,배우,211
모가디슈,연기,188
모가디슈,감독,155
모가디슈,감동,119
모가디슈,류승완,110
모가디슈,코로나,107
모가디슈,마지막,92
모가디슈,조인성,89
모가디슈,최고,86
모가디슈,장면,79
모가디슈,보고,74
모가디슈,연출,69
모가디슈,극장,69
모가디슈,한국영,65
모가디슈,스토리,64
모가디슈,액션,63
모가디슈,실화,59
모가디슈,긴장감,56
모가디슈,몰입,56
모가디슈,모가디슈,54
모가디슈,김윤석,51
모가디슈,재미,50
모가디슈,역시,49
모가디슈,신파,47
모가디슈,간만,45
모가디슈,상황,44
모가디슈,천만,42
모가디슈,허준호,41
모가디슈,평점,41
모가디슈,작품,41
모가디슈,기대,40
모가디슈,소말리아,40
모가디슈,느낌,39
모가디슈,추천,38
모가디슈,탈출,36
모가디슈,스케일,35
모가디슈,한국,35
모가디슈,내전,33
모가디슈,남북,31
모가디슈,영화관,31
모가디슈,처음,30
모가디슈,마음,29
모가디슈,연기력,29
모가디슈,실감,28
모가디슈,가슴,27
모가디슈,관람,26
모가디슈,눈물,26
모가디슈,오늘,25
모가디슈,한번,25
모가디슈,아주,24
블랙 위도우,마블,178
블랙 위도우,액션,117
블랙 위도우,블랙위도우,64
블랙 위도우,타샤,54
블랙 위도우,가족,44
블랙 위도우,스칼렛,39
블랙 위도우,스토리,36
블랙 위도우,요한슨,34
블랙 위도우,기대,33
블랙 위도우,역시,33
블랙 위도우,어벤져스,29
블랙 위도우,마지막,24
블랙 위도우,별로,24
블랙 위도우,도우,24
블랙 위도우,쿠키,23
블랙 위도우,매력,22
블랙 위도우,최고,22
블랙 위도우,개봉,21
블랙 위도우,블랙,21
블랙 위도우,이야기,20
블랙 위도우,영상,19
블랙 위도우,연기,19
블랙 위도우,재미,18
블랙 위도우,캐릭터,16
블랙 위도우,평점,16
블랙 위도우,스칼렛요한슨,16
블랙 위도우,드라마,16
블랙 위도우,느낌,16
블랙 위도우,코로나,14
블랙 위도우,보고,14
블랙 위도우,히어로,13
블랙 위도우,배우,13
블랙 위도우,부분,12
블랙 위도우,뭔가,11
블랙 위도우,플로렌스,11
블랙 위도우,대박,11
블랙 위도우,이상,11
블랙 위도우,예고편,11
블랙 위도우,최악,10
블랙 위도우,위도,10
블랙 위도우,시리즈,10
블랙 위도우,동생,10
블랙 위도우,감동,9
블랙 위도우,스케일,9
블랙 위도우,아이언맨,9
블랙 위도우,이제,9
블랙 위도우,솔로,9
블랙 위도우,개그,9
블랙 위도우,마스터,9
블랙 위도우,노잼,9
분노의 질주: 더 얼티메이트,액션,125
분노의 질주: 더 얼티메이트,시리즈,80
분노의 질주: 더 얼티메이트,스토리,71
분노의 질주: 더 얼티메이트,분노,52
분노의 질주: 더 얼티메이트,질주,52
분노의 질주: 더 얼티메이트,우주,44
분노의 질주: 더 얼티메이트,역시,32
분노의 질주: 더 얼티메이트,분노의질주,29
분노의 질주: 더 얼티메이트,장면,27
분노의 질주: 더 얼티메이트,자동차,27
분노의 질주: 더 얼티메이트,이제,23
분노의 질주: 더 얼티메이트,개연,21
분노의 질주: 더 얼티메이트,이번,21
분노의 질주: 더 얼티메이트,최악,20
분노의 질주: 더 얼티메이트,최고,20
분노의 질주: 더 얼티메이트,재미,19
분노의 질주: 더 얼티메이트,수준,17
분노의 질주: 더 얼티메이트,디젤,17
분노의 질주: 더 얼티메이트,다음,16
분노의 질주: 더 얼티메이트,기대,16
분노의 질주: 더 얼티메이트,실망,15
분노의 질주: 더 얼티메이트,극장,15
분노의 질주: 더 얼티메이트,스케일,15
분노의 질주: 더 얼티메이트,스트레스,14
분노의 질주: 더 얼티메이트,갈수록,13
분노의 질주: 더 얼티메이트,보고,13
분노의 질주: 더 얼티메이트,이건,12
분노의 질주: 더 얼티메이트,존시나,12
분노의 질주: 더 얼티메이트,느낌,11
분노의 질주: 더 얼티메이트,영상,11
분노의 질주: 더 얼티메이트,억지,11
분노의 질주: 더 얼티메이트,이야기,11
분노의 질주: 더 얼티메이트,마지막,11
분노의 질주: 더 얼티메이트,가족,11
분노의 질주: 더 얼티메이트,설정,10
분노의 질주: 더 얼티메이트,볼거리,10
분노의 질주: 더 얼티메이트,코로나,9
분노의 질주: 더 얼티메이트,전편,9
분노의 질주: 더 얼티메이트,편이,9
분노의 질주: 더 얼티메이트,전개,9
분노의 질주: 더 얼티메이트,연기,9
분노의 질주: 더 얼티메이트,역대,9
분노의 질주: 더 얼티메이트,언제,8
분노의 질주: 더 얼티메이트,원래,8
분노의 질주: 더 얼티메이트,이상,8
분노의 질주: 더 얼티메이트,연출,8
분노의 질주: 더 얼티메이트,시작,8
분노의 질주: 더 얼티메이트,액션영화,8
분노의 질주: 더 얼티메이트,평점,8
분노의 질주: 더 얼티메이트,전혀,8
싱크홀,배우,52
싱크홀,평점,50
싱크홀,차승원,50
싱크홀,재미,47
싱크홀,감동,46
싱크홀,싱크홀,46
싱크홀,재난,45
싱크홀,연기,43
싱크홀,가족,42
싱크홀,감독,39
싱크홀,기대,34
싱크홀,코믹,32
싱크홀,아이,28
싱크홀,보기,28
싱크홀,재난영화,28
싱크홀,이광수,27
싱크홀,보고,27
싱크홀,웃음,25
싱크홀,추천,25
싱크홀,광구,24
싱크홀,스토리,22
싱크홀,시트,21
싱크홀,코미디,21
싱크홀,알바,17
싱크홀,신파,17
싱크홀,상황,17
싱크홀,연출,17
싱크홀,개연,16
싱크홀,느낌,16
싱크홀,아들,15
싱크홀,눈물,13
싱크홀,코로나,13
싱크홀,개그,13
싱크홀,이상,13
싱크홀,남재,13
싱크홀,미남,13
싱크홀,한국영,12
싱크홀,간만,12
싱크홀,부분,12
싱크홀,조금,12
싱크홀,현실,11
싱크홀,영화관,11
싱크홀,전개,11
싱크홀,처음,11
싱크홀,광수,11
싱크홀,개봉,10
싱크홀,수준,10
싱크홀,인간,10
싱크홀,모가디슈,9
싱크홀,나름,9
극장판 귀멸의 칼날: 무한열차편,일본,161
극장판 귀멸의 칼날: 무한열차편,우익,156
극장판 귀멸의 칼날: 무한열차편,애니,146
극장판 귀멸의 칼날: 무한열차편,평점,77
극장판 귀멸의 칼날: 무한열차편,보고,52
극장판 귀멸의 칼날: 무한열차편,욱일기,38
극장판 귀멸의 칼날: 무한열차편,테러,37
극장판 귀멸의 칼날: 무한열차편,보지,36
극장판 귀멸의 칼날: 무한열차편,작품,33
극장판 귀멸의 칼날: 무한열차편,한국,33
극장판 귀멸의 칼날: 무한열차편,만화,30
극장판 귀멸의 칼날: 무한열차편,칼날,30
극장판 귀멸의 칼날: 무한열차편,수준,29
극장판 귀멸의 칼날: 무한열차편,스토리,27
극장판 귀멸의 칼날: 무한열차편,작화,27
극장판 귀멸의 칼날: 무한열차편,액션,25
극장판 귀멸의 칼날: 무한열차편,전범,24
극장판 귀멸의 칼날: 무한열차편,취향,23
극장판 귀멸의 칼날: 무한열차편,재미,23
극장판 귀멸의 칼날: 무한열차편,극장판,22
극장판 귀멸의 칼날: 무한열차편,감동,21
극장판 귀멸의 칼날: 무한열차편,다음,21
극장판 귀멸의 칼날: 무한열차편,정상,21
극장판 귀멸의 칼날: 무한열차편,이해,21
극장판 귀멸의 칼날: 무한열차편,귀멸,20
극장판 귀멸의 칼날: 무한열차편,렌고쿠,20
극장판 귀멸의 칼날: 무한열차편,치히로,19
극장판 귀멸의 칼날: 무한열차편,극장,19
극장판 귀멸의 칼날: 무한열차편,애니메이션,19
극장판 귀멸의 칼날: 무한열차편,흥행,18
극장판 귀멸의 칼날: 무한열차편,최고,17
극장판 귀멸의 칼날: 무한열차편,정치,17
극장판 귀멸의 칼날: 무한열차편,이유,17
극장판 귀멸의 칼날: 무한열차편,평가,17
극장판 귀멸의 칼날: 무한열차편,불매,16
극장판 귀멸의 칼날: 무한열차편,귀걸이,16
극장판 귀멸의 칼날: 무한열차편,일본애니,16
극장판 귀멸의 칼날: 무한열차편,네이버,16
극장판 귀멸의 칼날: 무한열차편,여기,15
극장판 귀멸의 칼날: 무한열차편,신파,15
극장판 귀멸의 칼날: 무한열차편,보기,15
극장판 귀멸의 칼날: 무한열차편,연출,15
극장판 귀멸의 칼날: 무한열차편,안보,15
극장판 귀멸의 칼날: 무한열차편,역시,14
극장판 귀멸의 칼날: 무한열차편,인정,14
극장판 귀멸의 칼날: 무한열차편,댓글,14
극장판 귀멸의 칼날: 무한열차편,개봉,14
극장판 귀멸의 칼날: 무한열차편,명작,14
극장판 귀멸의 칼날: 무한열차편,주인공,14
극장판 귀멸의 칼날: 무한열차편,미화,14
크루엘라,엠마,104
크루엘라,연기,76
크루엘라,스톤,65
크루엘라,크루,60
크루엘라,엘라,57
크루엘라,디즈니,52
크루엘라,음악,39
크루엘라,스토리,36
크루엘라,배우,27
크루엘라,보고,26
크루엘라,기대,25
크루엘라,의상,23
크루엘라,캐릭터,21
크루엘라,매력,21
크루엘라,최고,21
크루엘라,패션,17
크루엘라,연출,16
크루엘라,호강,15
크루엘라,재미,15
크루엘라,느낌,14
크루엘라,평점,14
크루엘라,마리,14
크루엘라,반전,13
크루엘라,연기력,12
크루엘라,영상,12
크루엘라,남작부인,12
크루엘라,대박,11
크루엘라,달마시안,11
크루엘라,강추,10
크루엘라,톰슨,10
크루엘라,볼거리,10
크루엘라,강아지,10
크루엘라,원작,9
크루엘라,작품,9
크루엘라,조커,9
크루엘라,아주,9
크루엘라,몰입,9
크루엘라,장면,9
크루엘라,역시,8
크루엘라,간만,8
크루엘라,영화관,8
크루엘라,추천,8
크루엘라,주인공,8
크루엘라,악마,8
크루엘라,프라다,8
크루엘라,코로나,7
크루엘라,할리퀸,7
크루엘라,엄마,7
크루엘라,인생,7
크루엘라,일단,7
샹치와 텐 링즈의 전설,마블,179
샹치와 텐 링즈의 전설,중국,114
샹치와 텐 링즈의 전설,양조위,90
샹치와 텐 링즈의 전설,액션,64
샹치와 텐 링즈의 전설,스토리,45
샹치와 텐 링즈의 전설,샹치,33
샹치와 텐 링즈의 전설,주인공,30
샹치와 텐 링즈의 전설,평점,24
샹치와 텐 링즈의 전설,배우,24
샹치와 텐 링즈의 전설,무협,23
샹치와 텐 링즈의 전설,기대,21
샹치와 텐 링즈의 전설,히어로,21
샹치와 텐 링즈의 전설,보고,21
샹치와 텐 링즈의 전설,연기,19
샹치와 텐 링즈의 전설,개봉,17
샹치와 텐 링즈의 전설,중국인,17
샹치와 텐 링즈의 전설,디워,16
샹치와 텐 링즈의 전설,느낌,16
샹치와 텐 링즈의 전설,상영,15
샹치와 텐 링즈의 전설,중국영화,15
샹치와 텐 링즈의 전설,금지,14
샹치와 텐 링즈의 전설,동양,14
샹치와 텐 링즈의 전설,쿠키,14
샹치와 텐 링즈의 전설,영상,14
샹치와 텐 링즈의 전설,무술,13
샹치와 텐 링즈의 전설,개연,13
샹치와 텐 링즈의 전설,판타지,11
샹치와 텐 링즈의 전설,캐스팅,11
샹치와 텐 링즈의 전설,이야기,11
샹치와 텐 링즈의 전설,양자경,11
샹치와 텐 링즈의 전설,아시아,11
샹치와 텐 링즈의 전설,마지막,10
샹치와 텐 링즈의 전설,아들,10
샹치와 텐 링즈의 전설,최고,10
샹치와 텐 링즈의 전설,감독,10
샹치와 텐 링즈의 전설,심형래,10
샹치와 텐 링즈의 전설,수준,10
샹치와 텐 링즈의 전설,처음,10
샹치와 텐 링즈의 전설,홍콩,9
샹치와 텐 링즈의 전설,한국,9
샹치와 텐 링즈의 전설,동양인,9
샹치와 텐 링즈의 전설,재미,9
샹치와 텐 링즈의 전설,별로,9
샹치와 텐 링즈의 전설,굳이,9
샹치와 텐 링즈의 전설,작품,8
샹치와 텐 링즈의 전설,캐릭터,8
샹치와 텐 링즈의 전설,코로나,8
샹치와 텐 링즈의 전설,초반,8
샹치와 텐 링즈의 전설,알바,8
샹치와 텐 링즈의 전설,역시,8
인질,황정민,144
인질,배우,82
인질,연기,63
인질,경찰,43
인질,인질,34
인질,스토리,32
인질,보고,28
인질,평점,23
인질,감독,20
인질,몰입,18
인질,역시,17
인질,조연,14
인질,연출,14
인질,한국영,13
인질,내내,13
인질,최고,13
인질,수준,13
인질,긴장감,13
인질,작품,12
인질,전개,12
인질,느낌,11
인질,이건,11
인질,재미,11
인질,악역,10
인질,출연,10
인질,액션,10
인질,킬링타임,10
인질,실망,9
인질,모가디슈,9
인질,이해,9
인질,형사,9
인질,극장,8
인질,제일,8
인질,보기,8
인질,인물,8
인질,별로,8
인질,이제,8
인질,연기력,8
인질,기대,7
인질,소름,7
인질,주인공,7
인질,나름,7
인질,납치,7
인질,시나리오,7
인질,댓글,7
인질,장면,7
인질,표현,7
인질,관객,7
인질,처음,7
인질,제작,6
보이스,보이스피싱,51
보이스,연기,48
보이스,요한,35
보이스,김무열,30
보이스,배우,22
보이스,각심,16
보이스,보이스,16
보이스,액션,15
보이스,전개,14
보이스,연기력,14
보이스,몰입,12
보이스,보고,11
보이스,피싱,11
보이스,재미,11
보이스,최고,9
보이스,범죄,8
보이스,이영화,8
보이스,피해,8
보이스,국민,8
보이스,한번,7
보이스,기대,7
보이스,긴장감,6
보이스,형사,6
보이스,예방,6
보이스,조직,6
보이스,연출,6
보이스,실제,6
보이스,이건,6
보이스,간만,6
보이스,차원,6
보이스,교육,5
보이스,장면,5
보이스,소재,5
보이스,추천,5
보이스,부분,5
보이스,역시,5
보이스,중국,5
보이스,느낌,5
보이스,상황,5
보이스,가족,5
보이스,한국영,5
보이스,스토리,5
보이스,변,5
보이스,홍보,4
보이스,역할,4
보이스,개연,4
보이스,주인공,4
보이스,오늘,4
보이스,이야기,4
보이스,모든,4
미나리,연기,196
미나리,윤여정,119
미나리,가족,113
미나리,미나리,103
미나리,미국,92
미나리,배우,91
미나리,한국,86
미나리,감동,75
미나리,느낌,62
미나리,이민자,53
미나리,작품,52
미나리,할머니,50
미나리,이야기,46
미나리,한예리,44
미나리,이해,41
미나리,감독,40
미나리,이민,38
미나리,아카데미,33
미나리,기대,33
미나리,공감,33
미나리,스티븐,32
미나리,모습,30
미나리,재미,29
미나리,마음,28
미나리,한국인,28
미나리,장면,27
미나리,스토리,27
미나리,평점,26
미나리,데이빗,26
미나리,보고,26
미나리,독립영화,25
미나리,기생충,25
미나리,최고,25
미나리,마지막,24
미나리,표현,24
미나리,모든,23
미나리,가슴,23
미나리,연출,23
미나리,눈물,22
미나리,결말,22
미나리,아이,22
미나리,수준,21
미나리,여운,21
미나리,위해,21
미나리,감정,21
미나리,세대,20
미나리,뭔가,20
미나리,어디,20
미나리,서로,19
미나리,연상,19
발신제한,조우진,102
발신제한,연기,95
발신제한,배우,95
발신제한,감독,35
발신제한,시나리오,31
발신제한,스토리,30
발신제한,지창욱,27
발신제한,긴장감,27
발신제한,스피드,25
발신제한,광고,24
발신제한,평점,24
발신제한,부산,24
발신제한,경찰,24
발신제한,개연,23
발신제한,재미,21
발신제한,연기력,21
발신제한,신파,20
발신제한,제네시스,20
발신제한,몰입,20
발신제한,폭탄,19
발신제한,전개,19
발신제한,연출,19
발신제한,주인공,18
발신제한,범인,18
발신제한,고구마,17
발신제한,느낌,17
발신제한,스릴,16
발신제한,처음,16
발신제한,부분,16
발신제한,상황,15
발신제한,장면,15
발신제한,한국영,14
발신제한,설정,14
발신제한,주연,14
발신제한,보고,14
발신제한,관객,14
발신제한,이건,12
발신제한,원작,12
발신제한,기대,11
발신제한,한국,11
발신제한,진경,11
발신제한,시작,11
발신제한,소재,11
발신제한,현실,11
발신제한,액션,10
발신제한,수준,10
발신제한,조금,10
발신제한,극장,10
발신제한,피해자,10
발신제한,가족,9
고질라 VS. 콩,고질라,105
고질라 VS. 콩,괴수,43
고질라 VS. 콩,스토리,40
고질라 VS. 콩,인간,22
고질라 VS. 콩,액션,22
고질라 VS. 콩,개연,19
고질라 VS. 콩,킹콩,18
고질라 VS. 콩,메카,18
고질라 VS. 콩,고지라,15
고질라 VS. 콩,중국,14
고질라 VS. 콩,시리즈,14
고질라 VS. 콩,재미,14
고질라 VS. 콩,장면,13
고질라 VS. 콩,최고,13
고질라 VS. 콩,고질,12
고질라 VS. 콩,몬스터,12
고질라 VS. 콩,볼거리,12
고질라 VS. 콩,콩,11
고질라 VS. 콩,기대,11
고질라 VS. 콩,스케일,11
고질라 VS. 콩,로봇,11
고질라 VS. 콩,일본,11
고질라 VS. 콩,홍콩,10
고질라 VS. 콩,마지막,10
고질라 VS. 콩,괴수영화,10
고질라 VS. 콩,오락,10
고질라 VS. 콩,아이,10
고질라 VS. 콩,보고,10
고질라 VS. 콩,극장,10
고질라 VS. 콩,매우,10
고질라 VS. 콩,미국,9
고질라 VS. 콩,배우,9
고질라 VS. 콩,킬링타임,9
고질라 VS. 콩,거대,9
고질라 VS. 콩,역시,9
고질라 VS. 콩,압도,8
고질라 VS. 콩,무슨,8
고질라 VS. 콩,이상,8
고질라 VS. 콩,설정,8
고질라 VS. 콩,존재,8
고질라 VS. 콩,수준,7
고질라 VS. 콩,계속,7
고질라 VS. 콩,누가,7
고질라 VS. 콩,함,7
고질라 VS. 콩,감동,7
고질라 VS. 콩,개봉,7
고질라 VS. 콩,대박,7
고질라 VS. 콩,꼬마,7
고질라 VS. 콩,보기,7
고질라 VS. 콩,영화로,7
기적,배우,71
기적,감동,61
기적,연기,53
기적,눈물,45
기적,박정민,39
기적,윤아,33
기적,기적,30
기적,보고,28
기적,가족,27
기적,사투리,24
기적,기대,21
기적,스토리,21
기적,이성민,20
기적,이수경,19
기적,추천,19
기적,마음,14
기적,웃음,14
기적,추석,12
기적,사랑,11
기적,누나,11
기적,이야기,10
기적,연기력,10
기적,최고,10
기적,신파,9
기적,가슴,9
기적,아주,9
기적,개봉,8
기적,자극,8
기적,느낌,8
기적,마지막,8
기적,감성,8
기적,보기,8
기적,평점,8
기적,영화로,8
기적,감독,7
기적,작품,7
기적,경북,7
기적,진심,7
기적,주인공,6
기적,경상도,6
기적,조금,6
기적,요즘,6
기적,재미,6
기적,간이역,6
기적,양원역,6
기적,반전,6
기적,이상,6
기적,몰입,6
기적,코로나,6
기적,극장,6
미션 파서블,액션,88
미션 파서블,김영광,42
미션 파서블,배우,34
미션 파서블,코믹,33
미션 파서블,평점,26
미션 파서블,연기,25
미션 파서블,기대,21
미션 파서블,스토리,20
미션 파서블,이선,20
미션 파서블,보기,16
미션 파서블,코로나,16
미션 파서블,알바,15
미션 파서블,감독,15
미션 파서블,코미디,12
미션 파서블,재미,12
미션 파서블,웃음,12
미션 파서블,중국,12
미션 파서블,웃기,11
미션 파서블,개그,11
미션 파서블,한국영,10
미션 파서블,간만,10
미션 파서블,킬링타임,10
미션 파서블,대안,9
미션 파서블,느낌,9
미션 파서블,수준,9
미션 파서블,이상,9
미션 파서블,극장,8
미션 파서블,한국,8
미션 파서블,요즘,8
미션 파서블,후반,8
미션 파서블,보고,8
미션 파서블,속편,7
미션 파서블,최악,7
미션 파서블,시티헌터,7
미션 파서블,유머,7
미션 파서블,케미,7
미션 파서블,주인공,7
미션 파서블,코드,6
미션 파서블,처음,6
미션 파서블,아저씨,6
미션 파서블,영화인,6
미션 파서블,강추,6
미션 파서블,영화관,6
미션 파서블,최고,5
미션 파서블,장면,5
미션 파서블,전개,5
미션 파서블,마지막,5
미션 파서블,별로,5
미션 파서블,크게,5
미션 파서블,설정,5
더 수어사이드 스쿼드,할리퀸,27
더 수어사이드 스쿼드,감독,24
더 수어사이드 스쿼드,제임스,22
더 수어사이드 스쿼드,마블,20
더 수어사이드 스쿼드,캐릭터,17
더 수어사이드 스쿼드,미국,17
더 수어사이드 스쿼드,마고,16
더 수어사이드 스쿼드,로비,16
더 수어사이드 스쿼드,스토리,16
더 수어사이드 스쿼드,역시,15
더 수어사이드 스쿼드,액션,14
더 수어사이드 스쿼드,매력,12
더 수어사이드 스쿼드,병맛,12
더 수어사이드 스쿼드,가오,11
더 수어사이드 스쿼드,사이드,10
더 수어사이드 스쿼드,장면,10
더 수어사이드 스쿼드,수준,9
더 수어사이드 스쿼드,평점,9
더 수어사이드 스쿼드,불가사리,8
더 수어사이드 스쿼드,고어,8
더 수어사이드 스쿼드,빌런,7
더 수어사이드 스쿼드,유머,7
더 수어사이드 스쿼드,수어,7
더 수어사이드 스쿼드,스쿼드,7
더 수어사이드 스쿼드,히어로,7
더 수어사이드 스쿼드,할리,6
더 수어사이드 스쿼드,이건,6
더 수어사이드 스쿼드,최고,6
더 수어사이드 스쿼드,재미,6
더 수어사이드 스쿼드,오락,6
더 수어사이드 스쿼드,부분,6
더 수어사이드 스쿼드,조금,6
더 수어사이드 스쿼드,처음,5
더 수어사이드 스쿼드,이야기,5
더 수어사이드 스쿼드,상어,5
더 수어사이드 스쿼드,보고,5
더 수어사이드 스쿼드,데드풀,5
더 수어사이드 스쿼드,오브,5
더 수어사이드 스쿼드,킬링타임,5
더 수어사이드 스쿼드,개연,5
더 수어사이드 스쿼드,쿠키,5
더 수어사이드 스쿼드,작품,5
더 수어사이드 스쿼드,기대,5
더 수어사이드 스쿼드,전작,5
더 수어사이드 스쿼드,대사,5
더 수어사이드 스쿼드,악당,4
더 수어사이드 스쿼드,결혼,4
더 수어사이드 스쿼드,전편,4
더 수어사이드 스쿼드,청불,4
더 수어사이드 스쿼드,포인트,4
비와 당신의 이야기,배우,38
비와 당신의 이야기,강하늘,35
비와 당신의 이야기,강소라,29
비와 당신의 이야기,천우희,26
비와 당신의 이야기,마지막,24
비와 당신의 이야기,감성,24
비와 당신의 이야기,연기,19
비와 당신의 이야기,추억,19
비와 당신의 이야기,이야기,19
비와 당신의 이야기,마음,18
비와 당신의 이야기,반전,17
비와 당신의 이야기,스토리,16
비와 당신의 이야기,보고,13
비와 당신의 이야기,연출,12
비와 당신의 이야기,감동,12
비와 당신의 이야기,가슴,12
비와 당신의 이야기,기다림,11
비와 당신의 이야기,힐링,9
비와 당신의 이야기,기분,9
비와 당신의 이야기,기대,9
비와 당신의 이야기,감독,9
비와 당신의 이야기,평점,8
비와 당신의 이야기,영호,8
비와 당신의 이야기,공감,8
비와 당신의 이야기,장면,7
비와 당신의 이야기,결말,7
비와 당신의 이야기,주인공,7
비와 당신의 이야기,아날로그,7
비와 당신의 이야기,뭔가,6
비와 당신의 이야기,추천,6
비와 당신의 이야기,매력,6
비와 당신의 이야기,여운,6
비와 당신의 이야기,사랑,6
비와 당신의 이야기,느낌,6
비와 당신의 이야기,위로,6
비와 당신의 이야기,시절,6
비와 당신의 이야기,요즘,6
비와 당신의 이야기,간만,6
비와 당신의 이야기,최고,5
비와 당신의 이야기,기억,5
비와 당신의 이야기,이해,5
비와 당신의 이야기,수진,5
비와 당신의 이야기,서로,5
비와 당신의 이야기,감정,5
비와 당신의 이야기,재미,5
비와 당신의 이야기,조연,5
비와 당신의 이야기,내내,5
비와 당신의 이야기,작품,5
비와 당신의 이야기,현실,5
비와 당신의 이야기,소희,5
서복,박보검,193
서복,서복,167
서복,공유,145
서복,배우,139
서복,연기,102
서복,기대,66
서복,인간,56
서복,평점,55
서복,죽음,47
서복,보고,46
서복,화이팅,41
서복,스토리,40
서복,여운,36
서복,대해,32
서복,감독,29
서복,알바,28
서복,개봉,26
서복,눈빛,21
서복,철학,21
서복,극장,20
서복,조합,20
서복,응원,20
서복,댓글,19
서복,보검,19
서복,복제인간,18
서복,액션,18
서복,질문,18
서복,시나리오,17
서복,작품,17
서복,재미,17
서복,소재,16
서복,계속,16
서복,대사,16
서복,스크린,15
서복,메세지,14
서복,영화관,14
서복,의미,14
서복,느낌,14
서복,개연,14
서복,누구,13
서복,보기,13
서복,코로나,13
서복,몰입,13
서복,연출,13
서복,마음,13
서복,감정,12
서복,욕심,12
서복,최고,12
서복,대박,12
서복,얼굴,12
자산어보,배우,128
자산어보,연기,108
자산어보,흑백,97
자산어보,감독,95
자산어보,설경구,80
자산어보,이준익,79
자산어보,정약전,69
자산어보,감동,55
자산어보,요한,53
자산어보,자산어보,52
자산어보,기대,35
자산어보,역사,34
자산어보,최고,33
자산어보,작품,33
자산어보,영상,29
자산어보,연출,28
자산어보,사극,25
자산어보,이야기,24
자산어보,보고,24
자산어보,화면,22
자산어보,정약용,22
자산어보,시대,21
자산어보,역시,21
자산어보,이정은,21
자산어보,흑산도,20
자산어보,스토리,20
자산어보,선생,19
자산어보,추천,19
자산어보,개봉,18
자산어보,모든,18
자산어보,여운,18
자산어보,연기력,17
자산어보,느낌,17
자산어보,극장,17
자산어보,코로나,17
자산어보,마음,17
자산어보,세상,17
자산어보,한번,16
자산어보,바다,15
자산어보,대사,15
자산어보,몰입,15
자산어보,명작,15
자산어보,영화관,15
자산어보,대해,15
자산어보,흑백영화,14
자산어보,간만,14
자산어보,장면,13
자산어보,캐스팅,13
자산어보,인물,13
자산어보,깊이,12
내일의 기억,서예지,128
내일의 기억,배우,117
내일의 기억,김강우,88
내일의 기억,감독,70
내일의 기억,연기,58
내일의 기억,평점,55
내일의 기억,반전,40
내일의 기억,테러,37
내일의 기억,스토리,28
내일의 기억,김정현,25
내일의 기억,기억,24
내일의 기억,여주,24
내일의 기억,몰입,23
내일의 기억,작품,22
내일의 기억,서예,19
내일의 기억,자체,19
내일의 기억,스릴러,19
내일의 기억,보고,18
내일의 기억,주인공,18
내일의 기억,최고,16
내일의 기억,평가,16
내일의 기억,여배우,16
내일의 기억,인성,16
내일의 기억,무슨,16
내일의 기억,개인,15
내일의 기억,가스,14
내일의 기억,논란,14
내일의 기억,개봉,14
내일의 기억,피해,14
내일의 기억,스텝,14
내일의 기억,잘못,13
내일의 기억,연출,13
내일의 기억,민폐,13
내일의 기억,조종,12
내일의 기억,기대,12
내일의 기억,고생,12
내일의 기억,출연,11
내일의 기억,시나리오,11
내일의 기억,영화로,11
내일의 기억,학폭,11
내일의 기억,드라마,11
내일의 기억,구분,11
내일의 기억,공과,10
내일의 기억,마지막,10
내일의 기억,내일,10
내일의 기억,보지,10
내일의 기억,느낌,9
내일의 기억,연기력,9
내일의 기억,여기,9
내일의 기억,상황,9
루카,픽사,14
루카,루카,11
루카,감동,10
루카,알베르토,9
루카,바다,7
루카,스토리,7
루카,우정,7
루카,캐릭터,5
루카,이태리,5
루카,인간,5
루카,여름,5
루카,역시,5
루카,힐링,5
루카,마을,4
루카,이야기,4
루카,사랑,4
루카,애니,4
루카,마지막,4
루카,보고,4
루카,배경,4
루카,아이,4
루카,이탈리아,4
루카,시나리오,3
루카,친구,3
루카,브루노,3
루카,소년,3
루카,괴물,3
루카,줄리아,3
루카,어린이,3
루카,영상,3
루카,애니메이션,3
루카,어른,3
루카,가족,3
루카,갈등,3
루카,재미,3
루카,디즈니,3
루카,장면,2
루카,소녀,2
루카,용기,2
루카,마음,2
루카,색감,2
루카,이번,2
루카,소수자,2
루카,진심,2
루카,저런,2
루카,이제,2
루카,그림,2
루카,풍경,2
루카,만화영화,2
루카,마무리,2
라야와 마지막 드래곤,디즈니,43
라야와 마지막 드래곤,캐릭터,14
라야와 마지막 드래곤,감동,13
라야와 마지막 드래곤,그래픽,10
라야와 마지막 드래곤,작품,9
라야와 마지막 드래곤,겨울왕국,9
라야와 마지막 드래곤,아이,9
라야와 마지막 드래곤,중국,8
라야와 마지막 드래곤,최고,7
라야와 마지막 드래곤,보고,7
라야와 마지막 드래곤,애니메이션,7
라야와 마지막 드래곤,애니,7
라야와 마지막 드래곤,마지막,6
라야와 마지막 드래곤,스토리,6
라야와 마지막 드래곤,처음,5
라야와 마지막 드래곤,코로나,5
라야와 마지막 드래곤,역시,5
라야와 마지막 드래곤,배경,5
라야와 마지막 드래곤,영상,5
라야와 마지막 드래곤,느낌,5
라야와 마지막 드래곤,믿음,4
라야와 마지막 드래곤,동남아,4
라야와 마지막 드래곤,메세지,4
라야와 마지막 드래곤,재미,4
라야와 마지막 드래곤,픽사,4
라야와 마지막 드래곤,동남아시아,4
라야와 마지막 드래곤,극장,4
라야와 마지막 드래곤,드래곤,4
라야와 마지막 드래곤,화합,4
라야와 마지막 드래곤,엔딩,4
라야와 마지막 드래곤,기대,4
라야와 마지막 드래곤,눈물,4
라야와 마지막 드래곤,배신,4
라야와 마지막 드래곤,몰입,4
라야와 마지막 드래곤,라야,4
라야와 마지막 드래곤,주인공,3
라야와 마지막 드래곤,후회,3
라야와 마지막 드래곤,서로,3
라야와 마지막 드래곤,전개,3
라야와 마지막 드래곤,수준,3
라야와 마지막 드래곤,주제,3
라야와 마지막 드래곤,동양,3
라야와 마지막 드래곤,이번,3
라야와 마지막 드래곤,문화,3
라야와 마지막 드래곤,매번,3
라야와 마지막 드래곤,소울,3
라야와 마지막 드래곤,자체,3
라야와 마지막 드래곤,혐오,3
라야와 마지막 드래곤,다만,3
라야와 마지막 드래곤,조금,3
더 스파이,연기,20
더 스파이,실화,18
더 스파이,베네딕트,10
더 스파이,배우,9
더 스파이,긴장감,9
더 스파이,감동,8
더 스파이,핵전쟁,7
더 스파이,이야기,7
더 스파이,스파이,6
더 스파이,냉전,6
더 스파이,후반,5
더 스파이,최고,5
더 스파이,몰입,5
더 스파이,주인공,5
더 스파이,스릴러,5
더 스파이,인상,5
더 스파이,냉전시대,5
더 스파이,바탕,4
더 스파이,다소,4
더 스파이,소련,4
더 스파이,스토리,4
더 스파이,컴버배치,4
더 스파이,레크,4
더 스파이,공작,4
더 스파이,보고,4
더 스파이,그레빌,3
더 스파이,별로,3
더 스파이,첩보,3
더 스파이,가족,3
더 스파이,베니,3
더 스파이,역시,3
더 스파이,강추,3
더 스파이,미소,3
더 스파이,마음,3
더 스파이,평화,3
더 스파이,세계,3
더 스파이,연출,3
더 스파이,시대,3
더 스파이,쿠바,3
더 스파이,눈빛,3
더 스파이,작품,3
더 스파이,마지막,3
더 스파이,시사회,3
더 스파이,이영화,3
더 스파이,열연,3
더 스파이,미국,3
더 스파이,액션,3
더 스파이,보통,3
더 스파이,입장,3
더 스파이,간의,3
프리 가이,게임,14
프리 가이,재미,10
프리 가이,라이언,10
프리 가이,스토리,8
프리 가이,현실,8
프리 가이,최고,7
프리 가이,오락,6
프리 가이,사랑,5
프리 가이,연출,5
프리 가이,연기,5
프리 가이,트루먼쇼,5
프리 가이,보기,5
프리 가이,후회,4
프리 가이,소재,4
프리 가이,개봉,4
프리 가이,기대,4
프리 가이,메세지,4
프리 가이,레이,4
프리 가이,뭔가,4
프리 가이,트루먼,4
프리 가이,주인공,4
프리 가이,스타워즈,3
프리 가이,역시,3
프리 가이,교육영화,3
프리 가이,이영화,3
프리 가이,가상,3
프리 가이,느낌,3
프리 가이,볼거리,3
프리 가이,그게,3
프리 가이,마지막,3
프리 가이,아바타,3
프리 가이,감동,3
프리 가이,인생,3
프리 가이,명작,3
프리 가이,아이디어,3
프리 가이,노잼,3
프리 가이,여주,3
프리 가이,관객,3
프리 가이,영화로,3
프리 가이,평점,3
프리 가이,장면,2
프리 가이,교훈,2
프리 가이,배우,2
프리 가이,강추,2
프리 가이,절대,2
프리 가이,판타지,2
프리 가이,방패,2
프리 가이,이야기,2
프리 가이,버스,2
프리 가이,메타,2
정글 크루즈,존스,18
정글 크루즈,디즈니,16
정글 크루즈,인디아나,15
정글 크루즈,에밀리,12
정글 크루즈,느낌,11
정글 크루즈,스토리,11
정글 크루즈,블런트,11
정글 크루즈,모험,8
정글 크루즈,재미,7
정글 크루즈,가족,7
정글 크루즈,정글,6
정글 크루즈,볼거리,6
정글 크루즈,어드벤쳐,6
정글 크루즈,어드벤처,6
정글 크루즈,보기,6
정글 크루즈,해적,5
정글 크루즈,여름,5
정글 크루즈,개인,5
정글 크루즈,효과,5
정글 크루즈,전형,5
정글 크루즈,기대,5
정글 크루즈,존슨,5
정글 크루즈,살짝,5
정글 크루즈,보고,4
정글 크루즈,유머,4
정글 크루즈,액션,4
정글 크루즈,킬링타임,4
정글 크루즈,기분,3
정글 크루즈,드웨,3
정글 크루즈,스릴,3
정글 크루즈,포디,3
정글 크루즈,처음,3
정글 크루즈,수준,3
정글 크루즈,나름,3
정글 크루즈,계속,3
정글 크루즈,무비,3
정글 크루즈,감독,3
정글 크루즈,무조건,3
정글 크루즈,마음,3
정글 크루즈,평점,3
정글 크루즈,아마존,3
정글 크루즈,주인공,3
정글 크루즈,매력,3
정글 크루즈,아이,3
정글 크루즈,인디애나,3
정글 크루즈,자체,3
정글 크루즈,사랑,3
정글 크루즈,이상,3
정글 크루즈,기도,2
정글 크루즈,차라리,2
캐시트럭,제이슨,39
캐시트럭,액션,33
캐시트럭,복수,24
캐시트럭,스타,23
캐시트럭,리치,20
캐시트럭,스토리,17
캐시트럭,악당,9
캐시트럭,아들,9
캐시트럭,이해,8
캐시트럭,간만,8
캐시트럭,음악,7
캐시트럭,스타뎀,7
캐시트럭,느낌,7
캐시트럭,역시,7
캐시트럭,액션영화,6
캐시트럭,분위기,6
캐시트럭,형님,5
캐시트럭,작품,5
캐시트럭,기대,5
캐시트럭,조연,5
캐시트럭,연출,5
캐시트럭,전개,5
캐시트럭,캐시,5
캐시트럭,범죄,5
캐시트럭,트럭,4
캐시트럭,출연,4
캐시트럭,재미,4
캐시트럭,우드,4
캐시트럭,주인공,4
캐시트럭,결말,4
캐시트럭,분노,4
캐시트럭,강도,4
캐시트럭,이후,4
캐시트럭,짜임새,4
캐시트럭,감독,4
캐시트럭,제격,3
캐시트럭,마무리,3
캐시트럭,가족,3
캐시트럭,존윅,3
캐시트럭,이야기,3
캐시트럭,총격,3
캐시트럭,마음,3
캐시트럭,이스트,3
캐시트럭,만남,3
캐시트럭,뭔가,3
캐시트럭,실망,3
캐시트럭,영웅,3
캐시트럭,비중,3
캐시트럭,마지막,3
캐시트럭,연기,3
명탐정 코난: 비색의 탄환,코난,6
명탐정 코난: 비색의 탄환,기대,4
명탐정 코난: 비색의 탄환,개봉,2
명탐정 코난: 비색의 탄환,역시,2
명탐정 코난: 비색의 탄환,최고,2
명탐정 코난: 비색의 탄환,대박,2
명탐정 코난: 비색의 탄환,올림픽,2
명탐정 코난: 비색의 탄환,극장판,2
명탐정 코난: 비색의 탄환,애니,2
명탐정 코난: 비색의 탄환,스토리,2
명탐정 코난: 비색의 탄환,극장,1
명탐정 코난: 비색의 탄환,라인,1
명탐정 코난: 비색의 탄환,러브,1
명탐정 코난: 비색의 탄환,추리,1
명탐정 코난: 비색의 탄환,옛날,1
명탐정 코난: 비색의 탄환,자국,1
명탐정 코난: 비색의 탄환,불매운동,1
명탐정 코난: 비색의 탄환,뒤통수,1
명탐정 코난: 비색의 탄환,찬양,1
명탐정 코난: 비색의 탄환,허구,1
명탐정 코난: 비색의 탄환,아무로,1
명탐정 코난: 비색의 탄환,감동,1
명탐정 코난: 비색의 탄환,축구공,1
명탐정 코난: 비색의 탄환,폭탄,1
명탐정 코난: 비색의 탄환,건물,1
명탐정 코난: 비색의 탄환,파괴,1
명탐정 코난: 비색의 탄환,한명인,1
명탐정 코난: 비색의 탄환,범인,1
명탐정 코난: 비색의 탄환,트리,1
명탐정 코난: 비색의 탄환,제발,1
명탐정 코난: 비색의 탄환,코로나,1
명탐정 코난: 비색의 탄환,날짜,1
명탐정 코난: 비색의 탄환,미지수,1
명탐정 코난: 비색의 탄환,정,1
명탐정 코난: 비색의 탄환,우익,1
명탐정 코난: 비색의 탄환,카이,1
명탐정 코난: 비색의 탄환,수포,1
명탐정 코난: 비색의 탄환,산맥,1
명탐정 코난: 비색의 탄환,교차,1
명탐정 코난: 비색의 탄환,사랑,1
명탐정 코난: 비색의 탄환,슬펴,1
명탐정 코난: 비색의 탄환,언제,1
명탐정 코난: 비색의 탄환,한번,1
명탐정 코난: 비색의 탄환,킄,1
명탐정 코난: 비색의 탄환,항상,1
명탐정 코난: 비색의 탄환,시험,1
명탐정 코난: 비색의 탄환,방영,1
명탐정 코난: 비색의 탄환,무기,1
명탐정 코난: 비색의 탄환,설,1
명탐정 코난: 비색의 탄환,운명,1
크루즈 패밀리: 뉴 에이지,아이,6
크루즈 패밀리: 뉴 에이지,작품,3
크루즈 패밀리: 뉴 에이지,가족,3
크루즈 패밀리: 뉴 에이지,보기,3
크루즈 패밀리: 뉴 에이지,니콜라스,2
크루즈 패밀리: 뉴 에이지,개봉,2
크루즈 패밀리: 뉴 에이지,재미,2
크루즈 패밀리: 뉴 에이지,목소리,2
크루즈 패밀리: 뉴 에이지,배우,2
크루즈 패밀리: 뉴 에이지,케이,2
크루즈 패밀리: 뉴 에이지,빵빵,2
크루즈 패밀리: 뉴 에이지,모습,2
크루즈 패밀리: 뉴 에이지,정신,2
크루즈 패밀리: 뉴 에이지,스케일,2
크루즈 패밀리: 뉴 에이지,구성,2
크루즈 패밀리: 뉴 에이지,전편,2
크루즈 패밀리: 뉴 에이지,감동,2
크루즈 패밀리: 뉴 에이지,캐릭터,2
크루즈 패밀리: 뉴 에이지,라이언,1
크루즈 패밀리: 뉴 에이지,스톤,1
크루즈 패밀리: 뉴 에이지,엠마,1
크루즈 패밀리: 뉴 에이지,어른,1
크루즈 패밀리: 뉴 에이지,수도,1
크루즈 패밀리: 뉴 에이지,갈릴,1
크루즈 패밀리: 뉴 에이지,호불호,1
크루즈 패밀리: 뉴 에이지,아주,1
크루즈 패밀리: 뉴 에이지,원작,1
크루즈 패밀리: 뉴 에이지,싱글벙글,1
크루즈 패밀리: 뉴 에이지,웃기,1
크루즈 패밀리: 뉴 에이지,쏙쏙,1
크루즈 패밀리: 뉴 에이지,정이,1
크루즈 패밀리: 뉴 에이지,갈수록,1
크루즈 패밀리: 뉴 에이지,유명,1
크루즈 패밀리: 뉴 에이지,레이,1
크루즈 패밀리: 뉴 에이지,기리,1
크루즈 패밀리: 뉴 에이지,성우,1
크루즈 패밀리: 뉴 에이지,볼거리,1
크루즈 패밀리: 뉴 에이지,애니,1
크루즈 패밀리: 뉴 에이지,최애,1
크루즈 패밀리: 뉴 에이지,추천,1
크루즈 패밀리: 뉴 에이지,거리,1
크루즈 패밀리: 뉴 에이지,깔깔,1
크루즈 패밀리: 뉴 에이지,오늘,1
크루즈 패밀리: 뉴 에이지,평타,1
크루즈 패밀리: 뉴 에이지,할머니,1
크루즈 패밀리: 뉴 에이지,후반,1
크루즈 패밀리: 뉴 에이지,리치,1
크루즈 패밀리: 뉴 에이지,로리스,1
크루즈 패밀리: 뉴 에이지,유작,1
크루즈 패밀리: 뉴 에이지,마지막,1
이스케이프 룸 2: 노 웨이 아웃,전편,6
이스케이프 룸 2: 노 웨이 아웃,탈출,6
이스케이프 룸 2: 노 웨이 아웃,킬링타임,5
이스케이프 룸 2: 노 웨이 아웃,조연,5
이스케이프 룸 2: 노 웨이 아웃,전개,5
이스케이프 룸 2: 노 웨이 아웃,보고,4
이스케이프 룸 2: 노 웨이 아웃,주인공,4
이스케이프 룸 2: 노 웨이 아웃,결말,4
이스케이프 룸 2: 노 웨이 아웃,긴장감,4
이스케이프 룸 2: 노 웨이 아웃,속편,4
이스케이프 룸 2: 노 웨이 아웃,스토리,4
이스케이프 룸 2: 노 웨이 아웃,나름,4
이스케이프 룸 2: 노 웨이 아웃,시리즈,4
이스케이프 룸 2: 노 웨이 아웃,게임,4
이스케이프 룸 2: 노 웨이 아웃,캐릭터,4
이스케이프 룸 2: 노 웨이 아웃,도감,3
이스케이프 룸 2: 노 웨이 아웃,큐브,3
이스케이프 룸 2: 노 웨이 아웃,소냐,3
이스케이프 룸 2: 노 웨이 아웃,기대,3
이스케이프 룸 2: 노 웨이 아웃,다음,3
이스케이프 룸 2: 노 웨이 아웃,쏘우,3
이스케이프 룸 2: 노 웨이 아웃,활용,3
이스케이프 룸 2: 노 웨이 아웃,타임,3
이스케이프 룸 2: 노 웨이 아웃,편이,3
이스케이프 룸 2: 노 웨이 아웃,편도,3
이스케이프 룸 2: 노 웨이 아웃,킬링,3
이스케이프 룸 2: 노 웨이 아웃,이스케이프,3
이스케이프 룸 2: 노 웨이 아웃,방법,2
이스케이프 룸 2: 노 웨이 아웃,작품,2
이스케이프 룸 2: 노 웨이 아웃,낫다,2
이스케이프 룸 2: 노 웨이 아웃,패턴,2
이스케이프 룸 2: 노 웨이 아웃,흥미,2
이스케이프 룸 2: 노 웨이 아웃,캐릭,2
이스케이프 룸 2: 노 웨이 아웃,반전,2
이스케이프 룸 2: 노 웨이 아웃,보기,2
이스케이프 룸 2: 노 웨이 아웃,기적,2
이스케이프 룸 2: 노 웨이 아웃,일본,2
이스케이프 룸 2: 노 웨이 아웃,기억,2
이스케이프 룸 2: 노 웨이 아웃,장르,2
이스케이프 룸 2: 노 웨이 아웃,마치,2
이스케이프 룸 2: 노 웨이 아웃,기분,2
이스케이프 룸 2: 노 웨이 아웃,전혀,2
이스케이프 룸 2: 노 웨이 아웃,나은,2
이스케이프 룸 2: 노 웨이 아웃,풀이,2
이스케이프 룸 2: 노 웨이 아웃,장면,2
이스케이프 룸 2: 노 웨이 아웃,미노스,2
이스케이프 룸 2: 노 웨이 아웃,러닝,2
이스케이프 룸 2: 노 웨이 아웃,순삭,2
이스케이프 룸 2: 노 웨이 아웃,개연,2
이스케이프 룸 2: 노 웨이 아웃,긴장,2
"극장판 포켓몬스터: 정글의 아이, 코코",스토리,4
"극장판 포켓몬스터: 정글의 아이, 코코",아이,4
"극장판 포켓몬스터: 정글의 아이, 코코",아바타,4
"극장판 포켓몬스터: 정글의 아이, 코코",퀄리티,4
"극장판 포켓몬스터: 정글의 아이, 코코",작화,3
"극장판 포켓몬스터: 정글의 아이, 코코",포켓몬,3
"극장판 포켓몬스터: 정글의 아이, 코코",작품,2
"극장판 포켓몬스터: 정글의 아이, 코코",리스,2
"극장판 포켓몬스터: 정글의 아이, 코코",나름,2
"극장판 포켓몬스터: 정글의 아이, 코코",추천,2
"극장판 포켓몬스터: 정글의 아이, 코코",어른,2
"극장판 포켓몬스터: 정글의 아이, 코코",만족,2
"극장판 포켓몬스터: 정글의 아이, 코코",감동,2
"극장판 포켓몬스터: 정글의 아이, 코코",일행,1
"극장판 포켓몬스터: 정글의 아이, 코코",재밋음,1
"극장판 포켓몬스터: 정글의 아이, 코코",정글,1
"극장판 포켓몬스터: 정글의 아이, 코코",코코,1
"극장판 포켓몬스터: 정글의 아이, 코코",향,1
"극장판 포켓몬스터: 정글의 아이, 코코",모험,1
"극장판 포켓몬스터: 정글의 아이, 코코",지우,1
"극장판 포켓몬스터: 정글의 아이, 코코",짝퉁,1
"극장판 포켓몬스터: 정글의 아이, 코코",만화,1
"극장판 포켓몬스터: 정글의 아이, 코코",고양이,1
"극장판 포켓몬스터: 정글의 아이, 코코",아들,1
"극장판 포켓몬스터: 정글의 아이, 코코",극장판,1
"극장판 포켓몬스터: 정글의 아이, 코코",이번,1
"극장판 포켓몬스터: 정글의 아이, 코코",어드벤처,1
"극장판 포켓몬스터: 정글의 아이, 코코",실망,1
"극장판 포켓몬스터: 정글의 아이, 코코",무비,1
"극장판 포켓몬스터: 정글의 아이, 코코",출동,1
"극장판 포켓몬스터: 정글의 아이, 코코",저격,1
"극장판 포켓몬스터: 정글의 아이, 코코",애니,1
"극장판 포켓몬스터: 정글의 아이, 코코",찰떡,1
"극장판 포켓몬스터: 정글의 아이, 코코",아동,1
"극장판 포켓몬스터: 정글의 아이, 코코",애니메이션,1
"극장판 포켓몬스터: 정글의 아이, 코코",이기만,1
"극장판 포켓몬스터: 정글의 아이, 코코",재미,1
"극장판 포켓몬스터: 정글의 아이, 코코",던데,1
"극장판 포켓몬스터: 정글의 아이, 코코",주인공,1
"극장판 포켓몬스터: 정글의 아이, 코코",취향,1
"극장판 포켓몬스터: 정글의 아이, 코코",이야기,1
"극장판 포켓몬스터: 정글의 아이, 코코",어디,1
"극장판 포켓몬스터: 정글의 아이, 코코",심쿵,1
"극장판 포켓몬스터: 정글의 아이, 코코",극장,1
"극장판 포켓몬스터: 정글의 아이, 코코",계속,1
"극장판 포켓몬스터: 정글의 아이, 코코",역시,1
"극장판 포켓몬스터: 정글의 아이, 코코",우희,1
방법: 재차의,드라마,95
방법: 재차의,연기,30
방법: 재차의,배우,25
방법: 재차의,방법,24
방법: 재차의,스토리,22
방법: 재차의,좀비,19
방법: 재차의,기대,16
방법: 재차의,감독,14
방법: 재차의,액션,14
방법: 재차의,평점,13
방법: 재차의,시즌,13
방법: 재차의,장면,13
방법: 재차의,최고,12
방법: 재차의,상호,12
방법: 재차의,소재,12
방법: 재차의,재차,11
방법: 재차의,쿠키,11
방법: 재차의,소진,11
방법: 재차의,간만,11
방법: 재차의,정지,11
방법: 재차의,보고,10
방법: 재차의,개봉,10
방법: 재차의,대박,10
방법: 재차의,시리즈,10
방법: 재차의,영상,10
방법: 재차의,느낌,10
방법: 재차의,연출,9
방법: 재차의,재미,9
방법: 재차의,한국,8
방법: 재차의,조민수,8
방법: 재차의,긴장감,8
방법: 재차의,다음,8
방법: 재차의,오윤아,8
방법: 재차의,코로나,7
방법: 재차의,영화로,7
방법: 재차의,설정,7
방법: 재차의,히어로,6
방법: 재차의,이설,6
방법: 재차의,세계관,6
방법: 재차의,이영화,6
방법: 재차의,그대로,6
방법: 재차의,역시,6
방법: 재차의,추천,6
방법: 재차의,연기력,5
방법: 재차의,예상,5
방법: 재차의,수준,5
방법: 재차의,다크,5
방법: 재차의,조금,5
방법: 재차의,이해,5
방법: 재차의,우리나라,5
새해전야,배우,19
새해전야,느낌,11
새해전야,기대,10
새해전야,최악,8
새해전야,감독,8
새해전야,연기,8
새해전야,이연희,8
새해전야,마음,8
새해전야,유연석,6
새해전야,중국,6
새해전야,힐링,6
새해전야,나라,6
새해전야,김강우,5
새해전야,보기,5
새해전야,한국,5
새해전야,보고,5
새해전야,평점,5
새해전야,처음,5
새해전야,영화로,4
새해전야,새해,4
새해전야,코로나,4
새해전야,가장,4
새해전야,장면,4
새해전야,연기력,4
새해전야,조합,4
새해전야,전혀,3
새해전야,문화,3
새해전야,일주일,3
새해전야,최고,3
새해전야,추천,3
새해전야,언제,3
새해전야,아르헨티나,3
새해전야,결혼전야,3
새해전야,연말,3
새해전야,생애,3
새해전야,모습,3
새해전야,인생,3
새해전야,노잼,3
새해전야,알바,3
새해전야,가족,3
새해전야,탱고,3
새해전야,개봉,2
새해전야,혈압,2
새해전야,안보,2
새해전야,멜로,2
새해전야,눈빛,2
새해전야,별로,2
새해전야,스토리,2
새해전야,관객,2
새해전야,자본,2
극장판 짱구는 못말려: 격돌! 낙서왕국과 얼추 네 명의 용사들,짱구,4
극장판 짱구는 못말려: 격돌! 낙서왕국과 얼추 네 명의 용사들,낙서,3
극장판 짱구는 못말려: 격돌! 낙서왕국과 얼추 네 명의 용사들,누군가,2
극장판 짱구는 못말려: 격돌! 낙서왕국과 얼추 네 명의 용사들,보물,2
극장판 짱구는 못말려: 격돌! 낙서왕국과 얼추 네 명의 용사들,그린,2
극장판 짱구는 못말려: 격돌! 낙서왕국과 얼추 네 명의 용사들,극장판,2
극장판 짱구는 못말려: 격돌! 낙서왕국과 얼추 네 명의 용사들,재미,2
극장판 짱구는 못말려: 격돌! 낙서왕국과 얼추 네 명의 용사들,개봉,2
극장판 짱구는 못말려: 격돌! 낙서왕국과 얼추 네 명의 용사들,크레용,2
극장판 짱구는 못말려: 격돌! 낙서왕국과 얼추 네 명의 용사들,수빈,1
극장판 짱구는 못말려: 격돌! 낙서왕국과 얼추 네 명의 용사들,동심,1
극장판 짱구는 못말려: 격돌! 낙서왕국과 얼추 네 명의 용사들,능청,1
극장판 짱구는 못말려: 격돌! 낙서왕국과 얼추 네 명의 용사들,신짱,1
극장판 짱구는 못말려: 격돌! 낙서왕국과 얼추 네 명의 용사들,엣올,1
극장판 짱구는 못말려: 격돌! 낙서왕국과 얼추 네 명의 용사들,특유,1
극장판 짱구는 못말려: 격돌! 낙서왕국과 얼추 네 명의 용사들,약속,1
극장판 짱구는 못말려: 격돌! 낙서왕국과 얼추 네 명의 용사들,아이,1
극장판 짱구는 못말려: 격돌! 낙서왕국과 얼추 네 명의 용사들,정서,1
극장판 짱구는 못말려: 격돌! 낙서왕국과 얼추 네 명의 용사들,이틀,1
극장판 짱구는 못말려: 격돌! 낙서왕국과 얼추 네 명의 용사들,억지,1
극장판 짱구는 못말려: 격돌! 낙서왕국과 얼추 네 명의 용사들,감동,1
극장판 짱구는 못말려: 격돌! 낙서왕국과 얼추 네 명의 용사들,한국,1
극장판 짱구는 못말려: 격돌! 낙서왕국과 얼추 네 명의 용사들,나와라,1
극장판 짱구는 못말려: 격돌! 낙서왕국과 얼추 네 명의 용사들,얼른,1
극장판 짱구는 못말려: 격돌! 낙서왕국과 얼추 네 명의 용사들,정신,1
극장판 짱구는 못말려: 격돌! 낙서왕국과 얼추 네 명의 용사들,기대,1
극장판 짱구는 못말려: 격돌! 낙서왕국과 얼추 네 명의 용사들,다음,1
극장판 짱구는 못말려: 격돌! 낙서왕국과 얼추 네 명의 용사들,제발,1
극장판 짱구는 못말려: 격돌! 낙서왕국과 얼추 네 명의 용사들,모험,1
극장판 짱구는 못말려: 격돌! 낙서왕국과 얼추 네 명의 용사들,일행,1
극장판 짱구는 못말려: 격돌! 낙서왕국과 얼추 네 명의 용사들,왕국,1
극장판 짱구는 못말려: 격돌! 낙서왕국과 얼추 네 명의 용사들,진심,1
극장판 짱구는 못말려: 격돌! 낙서왕국과 얼추 네 명의 용사들,문장,1
극장판 짱구는 못말려: 격돌! 낙서왕국과 얼추 네 명의 용사들,누구,1
극장판 짱구는 못말려: 격돌! 낙서왕국과 얼추 네 명의 용사들,이상,1
극장판 짱구는 못말려: 격돌! 낙서왕국과 얼추 네 명의 용사들,개봉일,1
극장판 짱구는 못말려: 격돌! 낙서왕국과 얼추 네 명의 용사들,편파,1
원더 우먼 1984,원더우먼,149
원더 우먼 1984,액션,92
원더 우먼 1984,스토리,66
원더 우먼 1984,히어로,52
원더 우먼 1984,감독,48
원더 우먼 1984,소원,41
원더 우먼 1984,보고,40
원더 우먼 1984,재미,36
원더 우먼 1984,평점,34
원더 우먼 1984,기대,33
원더 우먼 1984,코로나,29
원더 우먼 1984,느낌,28
원더 우먼 1984,빌런,28
원더 우먼 1984,수준,27
원더 우먼 1984,극장,25
원더 우먼 1984,마블,22
원더 우먼 1984,린다,22
원더 우먼 1984,카터,21
원더 우먼 1984,감동,21
원더 우먼 1984,장면,21
원더 우먼 1984,악당,19
원더 우먼 1984,개봉,18
원더 우먼 1984,처음,18
원더 우먼 1984,이건,18
원더 우먼 1984,역시,17
원더 우먼 1984,영상,17
원더 우먼 1984,하늘,17
원더 우먼 1984,연기,17
원더 우먼 1984,최악,17
원더 우먼 1984,예고편,17
원더 우먼 1984,아들,17
원더 우먼 1984,슈퍼맨,17
원더 우먼 1984,메세지,16
원더 우먼 1984,마지막,16
원더 우먼 1984,연출,14
원더 우먼 1984,부분,13
원더 우먼 1984,세상,13
원더 우먼 1984,교훈,13
원더 우먼 1984,시대,12
원더 우먼 1984,설정,12
원더 우먼 1984,포기,12
원더 우먼 1984,시리즈,12
원더 우먼 1984,개연,12
원더 우먼 1984,이제,11
원더 우먼 1984,실망,11
원더 우먼 1984,쓰레기,11
원더 우먼 1984,매력,11
원더 우먼 1984,인간,11
원더 우먼 1984,메시지,11
원더 우먼 1984,초반,11
카오스 워킹,설정,13
카오스 워킹,소재,13
카오스 워킹,원작,11
카오스 워킹,배우,9
카오스 워킹,스토리,8
카오스 워킹,별로,7
카오스 워킹,전개,7
카오스 워킹,액션,6
카오스 워킹,토드,6
카오스 워킹,홀랜드,5
카오스 워킹,기대,5
카오스 워킹,서부,5
카오스 워킹,결말,5
카오스 워킹,감독,4
카오스 워킹,진행,4
카오스 워킹,시나리오,4
카오스 워킹,이야기,4
카오스 워킹,영상,4
카오스 워킹,보고,4
카오스 워킹,긴장감,4
카오스 워킹,제발,4
카오스 워킹,노이즈,4
카오스 워킹,여주,4
카오스 워킹,정착,4
카오스 워킹,철학,4
카오스 워킹,연출,3
카오스 워킹,아주,3
카오스 워킹,편이,3
카오스 워킹,처음,3
카오스 워킹,느낌,3
카오스 워킹,시리즈,3
카오스 워킹,전이,3
카오스 워킹,시대,3
카오스 워킹,속편,3
카오스 워킹,거의,3
카오스 워킹,상상력,3
카오스 워킹,추격,3
카오스 워킹,격전,2
카오스 워킹,선전,2
카오스 워킹,토욜,2
카오스 워킹,휴일,2
카오스 워킹,칸,2
카오스 워킹,각,2
카오스 워킹,노잼,2
카오스 워킹,극장,2
카오스 워킹,페미,2
카오스 워킹,세계관,2
카오스 워킹,후회,2
카오스 워킹,주연,2
카오스 워킹,바이,2
파이프라인,감독,32
파이프라인,서인국,29
파이프라인,연기,29
파이프라인,배우,28
파이프라인,기대,28
파이프라인,스토리,22
파이프라인,유하,20
파이프라인,보고,15
파이프라인,연출,13
파이프라인,개봉,12
파이프라인,평점,11
파이프라인,킬링타임,10
파이프라인,이수혁,10
파이프라인,알바,9
파이프라인,파이프라인,9
파이프라인,작품,8
파이프라인,소재,8
파이프라인,액션,8
파이프라인,기름,7
파이프라인,이야기,6
파이프라인,원작,6
파이프라인,연기력,6
파이프라인,보기,6
파이프라인,캐릭터,5
파이프라인,웹툰,5
파이프라인,음문,5
파이프라인,조합,5
파이프라인,시대,5
파이프라인,극장,5
파이프라인,반전,5
파이프라인,시나리오,5
파이프라인,이영화,5
파이프라인,범죄,5
파이프라인,부분,5
파이프라인,재미,5
파이프라인,쓰레기,5
파이프라인,수준,5
파이프라인,도굴,5
파이프라인,진행,5
파이프라인,조금,4
파이프라인,요즘,4
파이프라인,오일,4
파이프라인,개연,4
파이프라인,돈,4
파이프라인,편집,4
파이프라인,코미디,4
파이프라인,간만,4
파이프라인,코믹,4
파이프라인,주인공,4
파이프라인,마음,4
톰과 제리,제리,20
톰과 제리,톰과제리,10
톰과 제리,아이,8
톰과 제리,추억,8
톰과 제리,실사,7
톰과 제리,만화,5
톰과 제리,톰,5
톰과 제리,기대,4
톰과 제리,애니메이션,4
톰과 제리,재미,4
톰과 제리,보기,3
톰과 제리,모레츠,3
톰과 제리,사용,3
톰과 제리,캐릭터,3
톰과 제리,스토리,3
톰과 제리,클로이,3
톰과 제리,보고,3
톰과 제리,예전,2
톰과 제리,애니,2
톰과 제리,배경,2
톰과 제리,음악,2
톰과 제리,분량,2
톰과 제리,연기,2
톰과 제리,인간,2
톰과 제리,영상,2
톰과 제리,그대로,2
톰과 제리,동물,2
톰과 제리,노래,2
톰과 제리,모레,2
톰과 제리,소환,2
톰과 제리,안철수,2
톰과 제리,화면,2
톰과 제리,뭔가,2
톰과 제리,오늘,2
톰과 제리,개봉,2
톰과 제리,옛날,2
톰과 제리,나이,2
톰과 제리,이해,1
톰과 제리,아무,1
톰과 제리,케미,1
톰과 제리,번역,1
톰과 제리,대화,1
톰과 제리,자막,1
톰과 제리,듯함,1
톰과 제리,고학년,1
톰과 제리,개인,1
톰과 제리,접목,1
톰과 제리,커서,1
톰과 제리,보통,1
톰과 제리,세대,1
노바디,액션,54
노바디,존윅,39
노바디,킬링타임,13
노바디,음악,12
노바디,주인공,11
노바디,최고,10
노바디,노바디,10
노바디,느낌,9
노바디,재미,8
노바디,스토리,8
노바디,코믹,7
노바디,간만,7
노바디,사울,7
노바디,기대,7
노바디,아주,7
노바디,액션영화,6
노바디,할아버지,6
노바디,연기,6
노바디,평점,6
노바디,추천,5
노바디,이영화,5
노바디,아버지,5
노바디,박사,5
노바디,스트레스,5
노바디,만족,5
노바디,러시아,5
노바디,배우,5
노바디,보고,4
노바디,영어,4
노바디,작품,4
노바디,대리,4
노바디,버전,4
노바디,베터,4
노바디,오덴,4
노바디,아무,4
노바디,장면,4
노바디,비교,4
노바디,커크,4
노바디,자체,4
노바디,마지막,4
노바디,브라보,3
노바디,후반,3
노바디,복수,3
노바디,버스,3
노바디,노래,3
노바디,고양이,3
노바디,퓨처,3
노바디,약간,3
노바디,빽투더,3
노바디,함,3
스파이럴,쏘우,30
스파이럴,시리즈,12
스파이럴,범인,10
스파이럴,연기,10
스파이럴,경찰,7
스파이럴,고어,6
스파이럴,반전,6
스파이럴,역시,5
스파이럴,잔인함,5
스파이럴,결말,5
스파이럴,장면,5
스파이럴,스토리,5
스파이럴,연출,5
스파이럴,마지막,5
스파이럴,별로,5
스파이럴,수준,4
스파이럴,사무엘,4
스파이럴,간만,4
스파이럴,잭슨,4
스파이럴,스릴,4
스파이럴,초반,3
스파이럴,주인공,3
스파이럴,작품,3
스파이럴,관객,3
스파이럴,느낌,3
스파이럴,중반,3
스파이럴,긴장감,3
스파이럴,크리스,3
스파이럴,이후,3
스파이럴,기대,3
스파이럴,스핀오프,3
스파이럴,미국,3
스파이럴,마무리,3
스파이럴,갈수록,2
스파이럴,여기,2
스파이럴,교육,2
스파이럴,배우,2
스파이럴,형편,2
스파이럴,조금,2
스파이럴,흉내,2
스파이럴,스포,2
스파이럴,엔딩,2
스파이럴,파트너,2
스파이럴,대박,2
스파이럴,게임,2
스파이럴,누구,2
스파이럴,설정,2
스파이럴,재미,2
스파이럴,긴장,2
스파이럴,퀄리티,2
더 박스,찬열,64
더 박스,기대,51
더 박스,개봉,24
더 박스,음악,24
더 박스,박스,22
더 박스,보고,18
더 박스,배우,12
더 박스,박찬열,12
더 박스,사랑,12
더 박스,연기,10
더 박스,항상,9
더 박스,가장,8
더 박스,화이팅,8
더 박스,노래,7
더 박스,당신,7
더 박스,최고,6
더 박스,재능,6
더 박스,얼른,5
더 박스,뮤지컬,5
더 박스,평점,4
더 박스,벌써,4
더 박스,영상,4
더 박스,영화관,4
더 박스,얼마나,4
더 박스,이의,4
더 박스,목소리,3
더 박스,대박,3
더 박스,파이팅,3
더 박스,얼굴,3
더 박스,힐링,3
더 박스,팬심,3
더 박스,아이돌,3
더 박스,응원,3
더 박스,우린,3
더 박스,캐릭터,3
더 박스,편곡,3
더 박스,위해,3
더 박스,대중,3
더 박스,모든,3
더 박스,감독,3
더 박스,올해,3
더 박스,여운,2
더 박스,지훈,2
더 박스,모습,2
더 박스,새,2
더 박스,열의,2
더 박스,존경,2
더 박스,시사회,2
더 박스,성공,2
더 박스,스토리,2
올드,감독,18
올드,샤말란,13
올드,인생,12
올드,공포,11
올드,스릴러,9
올드,나름,8
올드,해변,7
올드,마지막,7
올드,전개,7
올드,스토리,7
올드,연출,6
올드,수준,6
올드,소재,6
올드,반전,6
올드,긴장감,6
올드,나이,6
올드,시나리오,6
올드,이야기,6
올드,결말,5
올드,부분,5
올드,작품,5
올드,기대,5
올드,설정,4
올드,이해,4
올드,드라마,4
올드,확인,4
올드,상황,4
올드,전혀,4
올드,오류,4
올드,조금,4
올드,엔딩,4
올드,마무리,4
올드,장면,4
올드,가족,4
올드,장르,4
올드,부부,4
올드,초반,3
올드,상영,3
올드,미스테리,3
올드,이영화,3
올드,억지,3
올드,탈출,3
올드,모든,3
올드,아주,3
올드,나이트,3
올드,실망,3
올드,아이,3
올드,호러,3
올드,실종,3
올드,여기,3
미드나이트,연기,69
미드나이트,배우,54
미드나이트,경찰,53
미드나이트,진기,42
미드나이트,감독,42
미드나이트,설정,26
미드나이트,고구마,26
미드나이트,연출,22
미드나이트,장면,22
미드나이트,상황,20
미드나이트,청각장애,19
미드나이트,시나리오,17
미드나이트,긴장감,17
미드나이트,쓰레기,17
미드나이트,전개,17
미드나이트,수준,15
미드나이트,보고,15
미드나이트,현실,15
미드나이트,평점,14
미드나이트,주인공,14
미드나이트,범인,14
미드나이트,파출소,14
미드나이트,스릴러,14
미드나이트,스토리,13
미드나이트,개연,13
미드나이트,경찰서,13
미드나이트,추격자,12
미드나이트,나름,12
미드나이트,장애인,12
미드나이트,관객,12
미드나이트,처음,11
미드나이트,살인마,10
미드나이트,캐릭터,10
미드나이트,아주,10
미드나이트,한국,10
미드나이트,마지막,9
미드나이트,몰입,9
미드나이트,연기자,9
미드나이트,기대,9
미드나이트,소재,9
미드나이트,신고,9
미드나이트,내내,9
미드나이트,이건,9
미드나이트,모든,8
미드나이트,시민,8
미드나이트,얼마나,8
미드나이트,스릴,8
미드나이트,이야기,7
미드나이트,여주,7
미드나이트,느낌,7
몬스터 헌터,액션,36
몬스터 헌터,게임,29
몬스터 헌터,스토리,22
몬스터 헌터,중국,20
몬스터 헌터,몬스터,19
몬스터 헌터,자본,18
몬스터 헌터,비치,14
몬스터 헌터,킬링타임,13
몬스터 헌터,감독,13
몬스터 헌터,괴물,10
몬스터 헌터,괴수,10
몬스터 헌터,기대,9
몬스터 헌터,재미,8
몬스터 헌터,캐릭터,8
몬스터 헌터,보기,8
몬스터 헌터,장면,7
몬스터 헌터,개연,7
몬스터 헌터,느낌,6
몬스터 헌터,처음,6
몬스터 헌터,아주,6
몬스터 헌터,연출,6
몬스터 헌터,갑자기,6
몬스터 헌터,최고,6
몬스터 헌터,이해,6
몬스터 헌터,영상,6
몬스터 헌터,보고,6
몬스터 헌터,오락,6
몬스터 헌터,원작,6
몬스터 헌터,세계,5
몬스터 헌터,역시,5
몬스터 헌터,괴수영화,5
몬스터 헌터,전개,5
몬스터 헌터,레지던트,5
몬스터 헌터,제대로,4
몬스터 헌터,배우,4
몬스터 헌터,자체,4
몬스터 헌터,토니,4
몬스터 헌터,뜬금,4
몬스터 헌터,쓰레기,4
몬스터 헌터,부분,4
몬스터 헌터,이블,4
몬스터 헌터,대형,4
몬스터 헌터,대해,4
몬스터 헌터,성은,4
몬스터 헌터,옹박,4
몬스터 헌터,출연,4
몬스터 헌터,중반,4
몬스터 헌터,몬헌,4
몬스터 헌터,영화로,4
몬스터 헌터,이유,4
여고괴담 여섯번째 이야기 : 모교,김서형,20
여고괴담 여섯번째 이야기 : 모교,여고괴담,18
여고괴담 여섯번째 이야기 : 모교,광주,13
여고괴담 여섯번째 이야기 : 모교,연기,12
여고괴담 여섯번째 이야기 : 모교,배우,11
여고괴담 여섯번째 이야기 : 모교,공포,8
여고괴담 여섯번째 이야기 : 모교,시리즈,8
여고괴담 여섯번째 이야기 : 모교,시대,7
여고괴담 여섯번째 이야기 : 모교,감독,7
여고괴담 여섯번째 이야기 : 모교,보고,6
여고괴담 여섯번째 이야기 : 모교,연출,6
여고괴담 여섯번째 이야기 : 모교,소재,5
여고괴담 여섯번째 이야기 : 모교,뜬금,5
여고괴담 여섯번째 이야기 : 모교,공포영화,5
여고괴담 여섯번째 이야기 : 모교,반전,5
여고괴담 여섯번째 이야기 : 모교,최고,5
여고괴담 여섯번째 이야기 : 모교,출연,5
여고괴담 여섯번째 이야기 : 모교,연기력,4
여고괴담 여섯번째 이야기 : 모교,평점,4
여고괴담 여섯번째 이야기 : 모교,전혀,4
여고괴담 여섯번째 이야기 : 모교,김현수,4
여고괴담 여섯번째 이야기 : 모교,무엇,4
여고괴담 여섯번째 이야기 : 모교,이름,4
여고괴담 여섯번째 이야기 : 모교,전개,4
여고괴담 여섯번째 이야기 : 모교,기대,4
여고괴담 여섯번째 이야기 : 모교,장면,4
여고괴담 여섯번째 이야기 : 모교,작가,3
여고괴담 여섯번째 이야기 : 모교,요즘,3
여고괴담 여섯번째 이야기 : 모교,사태,3
여고괴담 여섯번째 이야기 : 모교,이야기,3
여고괴담 여섯번째 이야기 : 모교,군인,3
여고괴담 여섯번째 이야기 : 모교,주인공,3
여고괴담 여섯번째 이야기 : 모교,스토리,3
여고괴담 여섯번째 이야기 : 모교,무슨,3
여고괴담 여섯번째 이야기 : 모교,신파,3
여고괴담 여섯번째 이야기 : 모교,학교,3
여고괴담 여섯번째 이야기 : 모교,역시,3
여고괴담 여섯번째 이야기 : 모교,억지,3
여고괴담 여섯번째 이야기 : 모교,복수,3
여고괴담 여섯번째 이야기 : 모교,여름,3
여고괴담 여섯번째 이야기 : 모교,굳이,3
여고괴담 여섯번째 이야기 : 모교,느낌,3
여고괴담 여섯번째 이야기 : 모교,구성,2
여고괴담 여섯번째 이야기 : 모교,앞뒤,2
여고괴담 여섯번째 이야기 : 모교,이건,2
여고괴담 여섯번째 이야기 : 모교,부분,2
여고괴담 여섯번째 이야기 : 모교,스타일,2
여고괴담 여섯번째 이야기 : 모교,작품,2
여고괴담 여섯번째 이야기 : 모교,제작,2
여고괴담 여섯번째 이야기 : 모교,등장,2
소울,픽사,56
소울,인생,52
소울,어른,37
소울,감동,34
소울,순간,30
소울,최고,24
소울,소울,23
소울,보고,23
소울,디즈니,22
소울,눈물,22
소울,일상,22
소울,애니메이션,20
소울,영혼,19
소울,애니,19
소울,아이,17
소울,장면,17
소울,한번,16
소울,코코,15
소울,재즈,15
소울,이야기,14
소울,의미,14
소울,목적,14
소울,행복,14
소울,역시,12
소울,보기,12
소울,삶,12
소울,음악,12
소울,아웃,11
소울,느낌,11
소울,무엇,10
소울,모든,10
소울,재미,10
소울,대해,10
소울,바다,10
소울,스토리,10
소울,자체,10
소울,항상,10
소울,처음,9
소울,인사,9
소울,작품,9
소울,캐릭터,9
소울,이드,9
소울,힐링,9
소울,목표,9
소울,마음,9
소울,마지막,9
소울,위로,9
소울,과정,8
소울,코로나,8
소울,위해,8
보스 베이비 2,보스,13
보스 베이비 2,베이비,11
보스 베이비 2,아이,11
보스 베이비 2,장면,7
보스 베이비 2,가족,6
보스 베이비 2,애니,5
보스 베이비 2,편도,5
보스 베이비 2,스토리,5
보스 베이비 2,애니메이션,5
보스 베이비 2,학년,4
보스 베이비 2,감동,4
보스 베이비 2,캐릭터,4
보스 베이비 2,어린이,4
보스 베이비 2,영화인,3
보스 베이비 2,대사,3
보스 베이비 2,성인,3
보스 베이비 2,전개,3
보스 베이비 2,역시,3
보스 베이비 2,보고,3
보스 베이비 2,매력,3
보스 베이비 2,보기,3
보스 베이비 2,재미,3
보스 베이비 2,최고,2
보스 베이비 2,아기,2
보스 베이비 2,마찬가지,2
보스 베이비 2,한번,2
보스 베이비 2,소재,2
보스 베이비 2,노래,2
보스 베이비 2,라면,2
보스 베이비 2,아빠,2
보스 베이비 2,조금,2
보스 베이비 2,개인,2
보스 베이비 2,기대,2
보스 베이비 2,추천,2
보스 베이비 2,친구,2
보스 베이비 2,어른,2
보스 베이비 2,졸귀,1
보스 베이비 2,자식,1
보스 베이비 2,증말,1
보스 베이비 2,존귀,1
보스 베이비 2,이번,1
보스 베이비 2,무,1
보스 베이비 2,흥미진진,1
보스 베이비 2,전혀,1
보스 베이비 2,의견,1
보스 베이비 2,이건,1
보스 베이비 2,소통,1
보스 베이비 2,선택,1
보스 베이비 2,필수,1
보스 베이비 2,힐링,1
007 노 타임 투 다이,다니엘,119
007 노 타임 투 다이,레이,78
007 노 타임 투 다이,본드,69
007 노 타임 투 다이,액션,64
007 노 타임 투 다이,마지막,63
007 노 타임 투 다이,감독,52
007 노 타임 투 다이,시리즈,50
007 노 타임 투 다이,일본,47
007 노 타임 투 다이,최악,34
007 노 타임 투 다이,스토리,33
007 노 타임 투 다이,제임스,24
007 노 타임 투 다이,기대,24
007 노 타임 투 다이,작품,23
007 노 타임 투 다이,역대,23
007 노 타임 투 다이,처음,22
007 노 타임 투 다이,최고,22
007 노 타임 투 다이,개연,21
007 노 타임 투 다이,개봉,21
007 노 타임 투 다이,타임,21
007 노 타임 투 다이,초반,20
007 노 타임 투 다이,평점,20
007 노 타임 투 다이,마무리,18
007 노 타임 투 다이,악당,18
007 노 타임 투 다이,왜색,17
007 노 타임 투 다이,느낌,17
007 노 타임 투 다이,실망,16
007 노 타임 투 다이,신파,16
007 노 타임 투 다이,제임스본드,16
007 노 타임 투 다이,보고,15
007 노 타임 투 다이,이번,15
007 노 타임 투 다이,빌런,15
007 노 타임 투 다이,장면,14
007 노 타임 투 다이,연기,13
007 노 타임 투 다이,말렉,12
007 노 타임 투 다이,역시,12
007 노 타임 투 다이,배우,12
007 노 타임 투 다이,사랑,12
007 노 타임 투 다이,가장,12
007 노 타임 투 다이,러닝,12
007 노 타임 투 다이,주인공,11
007 노 타임 투 다이,개인,11
007 노 타임 투 다이,전개,11
007 노 타임 투 다이,이해,11
007 노 타임 투 다이,기억,10
007 노 타임 투 다이,수준,10
007 노 타임 투 다이,시작,10
007 노 타임 투 다이,라미,10
007 노 타임 투 다이,제일,10
007 노 타임 투 다이,욱일기,10
007 노 타임 투 다이,전체,9
콰이어트 플레이스 2,긴장감,29
콰이어트 플레이스 2,괴물,26
콰이어트 플레이스 2,발암,23
콰이어트 플레이스 2,스토리,22
콰이어트 플레이스 2,전작,18
콰이어트 플레이스 2,느낌,17
콰이어트 플레이스 2,편도,14
콰이어트 플레이스 2,연출,14
콰이어트 플레이스 2,몰입,14
콰이어트 플레이스 2,스릴,12
콰이어트 플레이스 2,극장,12
콰이어트 플레이스 2,최고,12
콰이어트 플레이스 2,편이,11
콰이어트 플레이스 2,개봉,11
콰이어트 플레이스 2,역시,11
콰이어트 플레이스 2,아이,11
콰이어트 플레이스 2,코로나,10
콰이어트 플레이스 2,평점,10
콰이어트 플레이스 2,기대,10
콰이어트 플레이스 2,작품,10
콰이어트 플레이스 2,감독,10
콰이어트 플레이스 2,수준,9
콰이어트 플레이스 2,사운드,9
콰이어트 플레이스 2,장면,9
콰이어트 플레이스 2,부분,9
콰이어트 플레이스 2,엄마,8
콰이어트 플레이스 2,마지막,8
콰이어트 플레이스 2,심장,8
콰이어트 플레이스 2,재미,8
콰이어트 플레이스 2,설정,8
콰이어트 플레이스 2,엔딩,8
콰이어트 플레이스 2,영화관,8
콰이어트 플레이스 2,전편,8
콰이어트 플레이스 2,보고,8
콰이어트 플레이스 2,가족,7
콰이어트 플레이스 2,아들,7
콰이어트 플레이스 2,공포,7
콰이어트 플레이스 2,강추,6
콰이어트 플레이스 2,미드,6
콰이어트 플레이스 2,타임,6
콰이어트 플레이스 2,성장,6
콰이어트 플레이스 2,소재,6
콰이어트 플레이스 2,이야기,6
콰이어트 플레이스 2,보기,6
콰이어트 플레이스 2,개연,6
콰이어트 플레이스 2,감동,6
콰이어트 플레이스 2,댓글,6
콰이어트 플레이스 2,속편,6
콰이어트 플레이스 2,깜짝,6
콰이어트 플레이스 2,전개,6
랑종,곡성,92
랑종,공포,89
랑종,감독,73
랑종,평점,72
랑종,나홍진,72
랑종,다큐,71
랑종,보고,60
랑종,장면,59
랑종,공포영화,55
랑종,태국,51
랑종,좀비,46
랑종,페이크,43
랑종,연기,37
랑종,후반,36
랑종,느낌,32
랑종,수준,31
랑종,형식,30
랑종,빙의,29
랑종,배우,29
랑종,스토리,27
랑종,연출,27
랑종,결말,24
랑종,기대,24
랑종,이해,23
랑종,처음,22
랑종,이건,22
랑종,중반,22
랑종,마케팅,21
랑종,한국,21
랑종,무서움,21
랑종,분위기,21
랑종,멀미,20
랑종,초반,20
랑종,관객,20
랑종,보지,19
랑종,영화관,18
랑종,최악,18
랑종,마지막,18
랑종,카메라,18
랑종,부분,18
랑종,기분,17
랑종,몰입,17
랑종,재미,17
랑종,귀신,17
랑종,곤지암,16
랑종,쓰레기,16
랑종,라면,15
랑종,장르,15
랑종,작품,15
랑종,나름,14
컨저링 3: 악마가 시켰다,컨저링,42
컨저링 3: 악마가 시켰다,시리즈,21
컨저링 3: 악마가 시켰다,감독,17
컨저링 3: 악마가 시켰다,스완,11
컨저링 3: 악마가 시켰다,공포영화,11
컨저링 3: 악마가 시켰다,공포,11
컨저링 3: 악마가 시켰다,실망,10
컨저링 3: 악마가 시켰다,재미,10
컨저링 3: 악마가 시켰다,스토리,9
컨저링 3: 악마가 시켰다,기대,9
컨저링 3: 악마가 시켰다,보고,9
컨저링 3: 악마가 시켰다,사랑,8
컨저링 3: 악마가 시켰다,저주,7
컨저링 3: 악마가 시켰다,별로,7
컨저링 3: 악마가 시켰다,악마,7
컨저링 3: 악마가 시켰다,느낌,7
컨저링 3: 악마가 시켰다,유니버스,7
컨저링 3: 악마가 시켰다,처음,6
컨저링 3: 악마가 시켰다,장면,6
컨저링 3: 악마가 시켰다,평점,6
컨저링 3: 악마가 시켰다,연출,6
컨저링 3: 악마가 시켰다,이번,5
컨저링 3: 악마가 시켰다,분위기,5
컨저링 3: 악마가 시켰다,전작,5
컨저링 3: 악마가 시켰다,호러,5
컨저링 3: 악마가 시켰다,오컬트,5
컨저링 3: 악마가 시켰다,개봉,5
컨저링 3: 악마가 시켰다,최악,5
컨저링 3: 악마가 시켰다,실화,4
컨저링 3: 악마가 시켰다,로나,4
컨저링 3: 악마가 시켰다,이제,4
컨저링 3: 악마가 시켰다,세계관,4
컨저링 3: 악마가 시켰다,직접,4
컨저링 3: 악마가 시켰다,제일,4
컨저링 3: 악마가 시켰다,매우,4
컨저링 3: 악마가 시켰다,제목,4
컨저링 3: 악마가 시켰다,개인,4
컨저링 3: 악마가 시켰다,특유,4
컨저링 3: 악마가 시켰다,좀비,4
컨저링 3: 악마가 시켰다,나름,4
컨저링 3: 악마가 시켰다,긴장감,4
컨저링 3: 악마가 시켰다,조금,4
컨저링 3: 악마가 시켰다,로레인,4
컨저링 3: 악마가 시켰다,악령,4
컨저링 3: 악마가 시켰다,영화관,4
컨저링 3: 악마가 시켰다,부부,4
컨저링 3: 악마가 시켰다,워렌,3
컨저링 3: 악마가 시켰다,무서움,3
컨저링 3: 악마가 시켰다,시작,3
컨저링 3: 악마가 시켰다,이상,3
토이 스토리 4,우디,84
토이 스토리 4,감동,64
토이 스토리 4,토이스토리,62
토이 스토리 4,스토리,32
토이 스토리 4,장난감,32
토이 스토리 4,시리즈,26
토이 스토리 4,아이,25
토이 스토리 4,어른,24
토이 스토리 4,최고,24
토이 스토리 4,재미,22
토이 스토리 4,개비,22
토이 스토리 4,마지막,20
토이 스토리 4,눈물,19
토이 스토리 4,친구,18
토이 스토리 4,토이,16
토이 스토리 4,사랑,16
토이 스토리 4,인생,16
토이 스토리 4,캐릭터,15
토이 스토리 4,역시,14
토이 스토리 4,포키,14
토이 스토리 4,이야기,12
토이 스토리 4,기대,12
토이 스토리 4,보고,12
토이 스토리 4,픽사,12
토이 스토리 4,결말,12
토이 스토리 4,추억,12
토이 스토리 4,안녕,11
토이 스토리 4,이제,11
토이 스토리 4,애니메이션,10
토이 스토리 4,마음,10
토이 스토리 4,이상,10
토이 스토리 4,디즈니,9
토이 스토리 4,애니,8
토이 스토리 4,이번,8
토이 스토리 4,편이,8
토이 스토리 4,느낌,8
토이 스토리 4,장면,8
토이 스토리 4,인형,8
토이 스토리 4,마무리,8
토이 스토리 4,버즈,8
토이 스토리 4,목소리,7
토이 스토리 4,앤디,7
토이 스토리 4,선택,6
토이 스토리 4,계속,6
토이 스토리 4,전편,6
토이 스토리 4,주인,6
토이 스토리 4,이해,5
토이 스토리 4,유머,5
토이 스토리 4,자기,5
토이 스토리 4,아들,5
주먹왕 랄프 2: 인터넷 속으로,디즈니,53
주먹왕 랄프 2: 인터넷 속으로,캐릭터,31
주먹왕 랄프 2: 인터넷 속으로,랄프,28
주먹왕 랄프 2: 인터넷 속으로,인터넷,26
주먹왕 랄프 2: 인터넷 속으로,아이,20
주먹왕 랄프 2: 인터넷 속으로,재미,19
주먹왕 랄프 2: 인터넷 속으로,스토리,19
주먹왕 랄프 2: 인터넷 속으로,공주,17
주먹왕 랄프 2: 인터넷 속으로,어른,15
주먹왕 랄프 2: 인터넷 속으로,상상력,14
주먹왕 랄프 2: 인터넷 속으로,바넬,12
주먹왕 랄프 2: 인터넷 속으로,부분,11
주먹왕 랄프 2: 인터넷 속으로,세상,11
주먹왕 랄프 2: 인터넷 속으로,우정,9
주먹왕 랄프 2: 인터넷 속으로,기대,9
주먹왕 랄프 2: 인터넷 속으로,표현,8
주먹왕 랄프 2: 인터넷 속으로,세계,8
주먹왕 랄프 2: 인터넷 속으로,이야기,8
주먹왕 랄프 2: 인터넷 속으로,역시,8
주먹왕 랄프 2: 인터넷 속으로,친구,8
주먹왕 랄프 2: 인터넷 속으로,감동,7
주먹왕 랄프 2: 인터넷 속으로,이해,7
주먹왕 랄프 2: 인터넷 속으로,느낌,7
주먹왕 랄프 2: 인터넷 속으로,보고,6
주먹왕 랄프 2: 인터넷 속으로,작품,6
주먹왕 랄프 2: 인터넷 속으로,최고,6
주먹왕 랄프 2: 인터넷 속으로,출연,6
주먹왕 랄프 2: 인터넷 속으로,보기,6
주먹왕 랄프 2: 인터넷 속으로,볼거리,6
주먹왕 랄프 2: 인터넷 속으로,집착,6
주먹왕 랄프 2: 인터넷 속으로,후반,6
주먹왕 랄프 2: 인터넷 속으로,아주,5
주먹왕 랄프 2: 인터넷 속으로,애니메이션,5
주먹왕 랄프 2: 인터넷 속으로,대해,5
주먹왕 랄프 2: 인터넷 속으로,편이,4
주먹왕 랄프 2: 인터넷 속으로,메세지,4
주먹왕 랄프 2: 인터넷 속으로,편도,4
주먹왕 랄프 2: 인터넷 속으로,조금,4
주먹왕 랄프 2: 인터넷 속으로,약간,4
주먹왕 랄프 2: 인터넷 속으로,중후,4
주먹왕 랄프 2: 인터넷 속으로,깨알,4
주먹왕 랄프 2: 인터넷 속으로,꿀잼,4
주먹왕 랄프 2: 인터넷 속으로,케릭,4
주먹왕 랄프 2: 인터넷 속으로,개인,4
주먹왕 랄프 2: 인터넷 속으로,실망,4
주먹왕 랄프 2: 인터넷 속으로,평점,4
주먹왕 랄프 2: 인터넷 속으로,전편,4
주먹왕 랄프 2: 인터넷 속으로,요소,4
주먹왕 랄프 2: 인터넷 속으로,편의,4
주먹왕 랄프 2: 인터넷 속으로,주먹,4
드래곤 길들이기 3,마지막,38
드래곤 길들이기 3,마무리,31
드래곤 길들이기 3,리스,29
드래곤 길들이기 3,드래곤,26
드래곤 길들이기 3,시리즈,26
드래곤 길들이기 3,보고,24
드래곤 길들이기 3,투슬,24
드래곤 길들이기 3,스토리,19
드래곤 길들이기 3,아이,19
드래곤 길들이기 3,감동,18
드래곤 길들이기 3,기대,17
드래곤 길들이기 3,편이,14
드래곤 길들이기 3,투슬리스,13
드래곤 길들이기 3,개봉,11
드래곤 길들이기 3,마음,11
드래곤 길들이기 3,최고,10
드래곤 길들이기 3,애니메이션,10
드래곤 길들이기 3,평점,9
드래곤 길들이기 3,인생,9
드래곤 길들이기 3,우정,8
드래곤 길들이기 3,아들,8
드래곤 길들이기 3,사랑,8
드래곤 길들이기 3,느낌,7
드래곤 길들이기 3,장면,7
드래곤 길들이기 3,작품,7
드래곤 길들이기 3,눈물,6
드래곤 길들이기 3,결말,6
드래곤 길들이기 3,부분,6
드래곤 길들이기 3,역시,5
드래곤 길들이기 3,이번,5
드래곤 길들이기 3,개인,5
드래곤 길들이기 3,편도,5
드래곤 길들이기 3,액션,5
드래곤 길들이기 3,제일,5
드래곤 길들이기 3,라이트,5
드래곤 길들이기 3,동생,4
드래곤 길들이기 3,최애,4
드래곤 길들이기 3,이건,4
드래곤 길들이기 3,판타지,4
드래곤 길들이기 3,영상,4
드래곤 길들이기 3,강추,4
드래곤 길들이기 3,제발,4
드래곤 길들이기 3,엔딩,4
드래곤 길들이기 3,아주,4
드래곤 길들이기 3,계속,4
드래곤 길들이기 3,위해,4
드래곤 길들이기 3,안녕,4
드래곤 길들이기 3,이야기,4
드래곤 길들이기 3,티비,4
드래곤 길들이기 3,재미,4
말레피센트 2,졸리,47
말레피센트 2,말레피센트,33
말레피센트 2,스토리,32
말레피센트 2,동화,27
말레피센트 2,안젤리나,23
말레피센트 2,디즈니,22
말레피센트 2,공주,21
말레피센트 2,오로라,21
말레피센트 2,요정,17
말레피센트 2,느낌,16
말레피센트 2,결혼,15
말레피센트 2,매력,13
말레피센트 2,기대,13
말레피센트 2,해피엔딩,12
말레피센트 2,볼거리,12
말레피센트 2,아이,12
말레피센트 2,재미,12
말레피센트 2,전쟁,11
말레피센트 2,장면,11
말레피센트 2,보고,11
말레피센트 2,인간,11
말레피센트 2,개연,11
말레피센트 2,발암,10
말레피센트 2,영상,10
말레피센트 2,캐릭터,10
말레피센트 2,마지막,9
말레피센트 2,이해,9
말레피센트 2,왕자,9
말레피센트 2,감동,9
말레피센트 2,설정,8
말레피센트 2,최고,8
말레피센트 2,왕비,8
말레피센트 2,연기,8
말레피센트 2,결말,8
말레피센트 2,편이,8
말레피센트 2,역시,8
말레피센트 2,이야기,8
말레피센트 2,사랑,7
말레피센트 2,보기,7
말레피센트 2,자기,7
말레피센트 2,배우,7
말레피센트 2,평화,7
말레피센트 2,갑자기,7
말레피센트 2,전개,7
말레피센트 2,개인,6
말레피센트 2,별로,6
말레피센트 2,가족,6
말레피센트 2,마녀,6
말레피센트 2,무엇,6
말레피센트 2,보지,6
마이펫의 이중생활 2,아이,14
마이펫의 이중생활 2,스토리,12
마이펫의 이중생활 2,캐릭터,9
마이펫의 이중생활 2,어른,8
마이펫의 이중생활 2,동물,6
마이펫의 이중생활 2,이야기,6
마이펫의 이중생활 2,반려동물,5
마이펫의 이중생활 2,전개,4
마이펫의 이중생활 2,스노우볼,4
마이펫의 이중생활 2,편이,4
마이펫의 이중생활 2,강추,4
마이펫의 이중생활 2,힐링,3
마이펫의 이중생활 2,움,3
마이펫의 이중생활 2,기대,3
마이펫의 이중생활 2,평점,3
마이펫의 이중생활 2,한번,3
마이펫의 이중생활 2,약간,3
마이펫의 이중생활 2,느낌,3
마이펫의 이중생활 2,재미,3
마이펫의 이중생활 2,후반,3
마이펫의 이중생활 2,그림,3
마이펫의 이중생활 2,배경,3
마이펫의 이중생활 2,조금,3
마이펫의 이중생활 2,자체,3
마이펫의 이중생활 2,무난,3
마이펫의 이중생활 2,보기,3
마이펫의 이중생활 2,편도,2
마이펫의 이중생활 2,졸귀,2
마이펫의 이중생활 2,집중,2
마이펫의 이중생활 2,조카,2
마이펫의 이중생활 2,귀요미,2
마이펫의 이중생활 2,실감,2
마이펫의 이중생활 2,더빙,2
마이펫의 이중생활 2,영어,2
마이펫의 이중생활 2,초등,2
마이펫의 이중생활 2,유치원,2
마이펫의 이중생활 2,장면,2
마이펫의 이중생활 2,자동차,2
마이펫의 이중생활 2,맥스,2
마이펫의 이중생활 2,세상,2
마이펫의 이중생활 2,영상,2
마이펫의 이중생활 2,별로,2
마이펫의 이중생활 2,재미나,2
마이펫의 이중생활 2,다소,2
마이펫의 이중생활 2,개연,2
마이펫의 이중생활 2,이번,2
마이펫의 이중생활 2,나름,2
마이펫의 이중생활 2,전작,2
마이펫의 이중생활 2,혹시,2
마이펫의 이중생활 2,아기,2
쥬만지: 넥스트 레벨,캐릭터,26
쥬만지: 넥스트 레벨,쥬만지,25
쥬만지: 넥스트 레벨,전편,19
쥬만지: 넥스트 레벨,재미,18
쥬만지: 넥스트 레벨,전작,12
쥬만지: 넥스트 레벨,스토리,12
쥬만지: 넥스트 레벨,액션,12
쥬만지: 넥스트 레벨,평점,12
쥬만지: 넥스트 레벨,중국,11
쥬만지: 넥스트 레벨,게임,11
쥬만지: 넥스트 레벨,나름,10
쥬만지: 넥스트 레벨,킬링타임,10
쥬만지: 넥스트 레벨,별로,9
쥬만지: 넥스트 레벨,보기,9
쥬만지: 넥스트 레벨,잭블랙,9
쥬만지: 넥스트 레벨,최악,9
쥬만지: 넥스트 레벨,설정,8
쥬만지: 넥스트 레벨,극장,8
쥬만지: 넥스트 레벨,오락,8
쥬만지: 넥스트 레벨,시리즈,8
쥬만지: 넥스트 레벨,연기,8
쥬만지: 넥스트 레벨,배우,8
쥬만지: 넥스트 레벨,느낌,8
쥬만지: 넥스트 레벨,할아버지,7
쥬만지: 넥스트 레벨,수준,7
쥬만지: 넥스트 레벨,이번,7
쥬만지: 넥스트 레벨,역시,7
쥬만지: 넥스트 레벨,전개,7
쥬만지: 넥스트 레벨,스케일,7
쥬만지: 넥스트 레벨,편도,7
쥬만지: 넥스트 레벨,마지막,6
쥬만지: 넥스트 레벨,계속,6
쥬만지: 넥스트 레벨,보고,6
쥬만지: 넥스트 레벨,레벨,6
쥬만지: 넥스트 레벨,편이,6
쥬만지: 넥스트 레벨,영화로,6
쥬만지: 넥스트 레벨,작품,6
쥬만지: 넥스트 레벨,조금,5
쥬만지: 넥스트 레벨,돈,5
쥬만지: 넥스트 레벨,처음,5
쥬만지: 넥스트 레벨,기대,5
쥬만지: 넥스트 레벨,매력,5
쥬만지: 넥스트 레벨,억지,5
쥬만지: 넥스트 레벨,발암,5
쥬만지: 넥스트 레벨,실망,5
쥬만지: 넥스트 레벨,할배,5
쥬만지: 넥스트 레벨,장면,4
쥬만지: 넥스트 레벨,자체,4
쥬만지: 넥스트 레벨,아이맥스,4
쥬만지: 넥스트 레벨,긴장감,4
남산의 부장들,김재규,83
남산의 부장들,연기,62
남산의 부장들,박정희,58
남산의 부장들,이병헌,43
남산의 부장들,역사,40
남산의 부장들,전두환,34
남산의 부장들,배우,25
남산의 부장들,그때,22
남산의 부장들,부산,21
남산의 부장들,남산,17
남산의 부장들,인간,15
남산의 부장들,평가,15
남산의 부장들,국민,14
남산의 부장들,대통령,12
남산의 부장들,최고,12
남산의 부장들,이성민,11
남산의 부장들,대갈,11
남산의 부장들,박통,11
남산의 부장들,감독,10
남산의 부장들,정치,10
남산의 부장들,혁명,10
남산의 부장들,스토리,10
남산의 부장들,대한민국,10
남산의 부장들,권력,10
남산의 부장들,민주주의,9
남산의 부장들,처단,9
남산의 부장들,마산,9
남산의 부장들,연출,9
남산의 부장들,열사,9
남산의 부장들,마지막,9
남산의 부장들,사건,9
남산의 부장들,연기력,9
남산의 부장들,김형욱,9
남산의 부장들,임자,9
남산의 부장들,광주,8
남산의 부장들,빨갱이,8
남산의 부장들,나라,8
남산의 부장들,아쉬움,8
남산의 부장들,정권,8
남산의 부장들,영웅,8
남산의 부장들,차지철,8
남산의 부장들,의사,8
남산의 부장들,쓰레기,8
남산의 부장들,학살,8
남산의 부장들,표현,7
남산의 부장들,김부,7
남산의 부장들,인물,7
남산의 부장들,전개,7
남산의 부장들,당시,7
남산의 부장들,암살,7
다만 악에서 구하소서,연기,74
다만 악에서 구하소서,박정민,64
다만 악에서 구하소서,액션,64
다만 악에서 구하소서,이정재,57
다만 악에서 구하소서,스토리,46
다만 악에서 구하소서,황정민,43
다만 악에서 구하소서,배우,40
다만 악에서 구하소서,아저씨,21
다만 악에서 구하소서,느낌,17
다만 악에서 구하소서,개연,16
다만 악에서 구하소서,몰입,16
다만 악에서 구하소서,감독,14
다만 악에서 구하소서,최고,14
다만 악에서 구하소서,레옹,12
다만 악에서 구하소서,재미,11
다만 악에서 구하소서,테이큰,11
다만 악에서 구하소서,다만,10
다만 악에서 구하소서,아이,9
다만 악에서 구하소서,태국,9
다만 악에서 구하소서,보기,8
다만 악에서 구하소서,나름,8
다만 악에서 구하소서,이상,8
다만 악에서 구하소서,캐릭터,8
다만 악에서 구하소서,복수,8
다만 악에서 구하소서,전개,8
다만 악에서 구하소서,아주,8
다만 악에서 구하소서,부분,8
다만 악에서 구하소서,주인공,8
다만 악에서 구하소서,연기력,8
다만 악에서 구하소서,관객,8
다만 악에서 구하소서,긴장감,7
다만 악에서 구하소서,조금,7
다만 악에서 구하소서,작품,7
다만 악에서 구하소서,장면,6
다만 악에서 구하소서,초반,6
다만 악에서 구하소서,실망,6
다만 악에서 구하소서,연출,6
다만 악에서 구하소서,촬영,6
다만 악에서 구하소서,감동,6
다만 악에서 구하소서,진행,6
다만 악에서 구하소서,코로나,6
다만 악에서 구하소서,액션영화,5
다만 악에서 구하소서,킬링타임,5
다만 악에서 구하소서,신세계,5
다만 악에서 구하소서,파이어,5
다만 악에서 구하소서,느와르,5
다만 악에서 구하소서,제목,5
다만 악에서 구하소서,한국영,5
다만 악에서 구하소서,액션씬,5
다만 악에서 구하소서,역시,5
반도,좀비,70
반도,부산,51
반도,감독,43
반도,연기,40
반도,신파,32
반도,반도,26
반도,스토리,26
반도,장면,23
반도,강동원,23
반도,평점,20
반도,마지막,20
반도,배우,18
반도,보고,18
반도,맥스,18
반도,매드,17
반도,쓰레기,15
반도,한국,14
반도,수준,13
반도,개연,12
반도,시나리오,12
반도,액션,12
반도,몰입,12
반도,이건,11
반도,자동차,10
반도,기대,10
반도,연출,10
반도,이정현,10
반도,인간,10
반도,헬기,10
반도,설정,9
반도,상황,9
반도,느낌,9
반도,신파극,9
반도,질질,9
반도,세상,9
반도,모하비,8
반도,감동,8
반도,작품,8
반도,재미,8
반도,현실,7
반도,캐릭터,7
반도,넷플릭스,7
반도,게임,7
반도,무슨,7
반도,전개,7
반도,눈물,7
반도,최악,7
반도,레이싱,7
반도,관객,7
반도,중국,6
히트맨,권상우,30
히트맨,액션,26
히트맨,배우,25
히트맨,연기,23
히트맨,코믹,19
히트맨,코미디,18
히트맨,감독,17
히트맨,킬링타임,14
히트맨,스토리,13
히트맨,평점,13
히트맨,수준,12
히트맨,나름,10
히트맨,정준호,10
히트맨,재미,10
히트맨,웃음,9
히트맨,장면,9
히트맨,웹툰,8
히트맨,시나리오,8
히트맨,이건,8
히트맨,연출,8
히트맨,넷플릭스,7
히트맨,유치,7
히트맨,쓰레기,7
히트맨,작품,6
히트맨,개그,6
히트맨,최고,6
히트맨,억지,6
히트맨,최악,6
히트맨,초딩,6
히트맨,직업,6
히트맨,영화로,6
히트맨,국정원,6
히트맨,웃기,5
히트맨,후반,5
히트맨,이상,5
히트맨,코로나,5
히트맨,악당,5
히트맨,여기,5
히트맨,제대로,5
히트맨,보기,5
히트맨,조금,5
히트맨,전개,5
히트맨,내내,5
히트맨,알바,4
히트맨,관람,4
히트맨,유머,4
히트맨,캐릭터,4
히트맨,장르,4
히트맨,고생,4
히트맨,무슨,4
테넷,이해,116
테넷,놀란,76
테넷,감독,54
테넷,과거,34
테넷,보고,29
테넷,액션,25
테넷,미래,24
테넷,재미,21
테넷,인셉션,18
테넷,느낌,17
테넷,한번,17
테넷,평점,17
테넷,테넷,16
테넷,인터스텔라,16
테넷,현실,16
테넷,연출,15
테넷,설정,15
테넷,타임,13
테넷,스토리,13
테넷,현재,12
테넷,소재,12
테넷,과학,12
테넷,처음,12
테넷,연기,12
테넷,주인공,12
테넷,부분,11
테넷,내내,11
테넷,계속,11
테넷,버전,11
테넷,타임머신,10
테넷,흐름,10
테넷,초반,10
테넷,마지막,10
테넷,크리스토퍼,10
테넷,터미네이터,9
테넷,머리,9
테넷,영상,9
테넷,해석,9
테넷,이야기,9
테넷,상상,9
테넷,관객,9
테넷,배우,9
테넷,개념,9
테넷,세계,8
테넷,제대로,8
테넷,음악,8
테넷,상황,8
테넷,천재,8
테넷,세상,8
테넷,장면,8
백두산,배우,61
백두산,이병헌,41
백두산,감독,40
백두산,하정우,38
백두산,연기,38
백두산,백두산,31
백두산,스토리,31
백두산,북한,25
백두산,수준,22
백두산,평점,19
백두산,개연,18
백두산,한국,18
백두산,재난영화,16
백두산,연출,15
백두산,시나리오,14
백두산,폭발,13
백두산,수지,13
백두산,연기력,13
백두산,재난,12
백두산,상황,12
백두산,작품,12
백두산,최고,11
백두산,쓰레기,11
백두산,소재,11
백두산,재미,11
백두산,장면,11
백두산,미국,10
백두산,우리나라,10
백두산,최악,10
백두산,감동,9
백두산,보고,9
백두산,개그,8
백두산,역대,8
백두산,출연,8
백두산,관객,8
백두산,돈,8
백두산,지진,8
백두산,한국영,8
백두산,느낌,8
백두산,무슨,7
백두산,극장,7
백두산,코믹,7
백두산,실망,7
백두산,화산,7
백두산,처음,7
백두산,마동석,7
백두산,나라,7
백두산,별로,7
백두산,신파,7
백두산,이건,7
#살아있다,좀비,79
#살아있다,유아인,33
#살아있다,개연,30
#살아있다,배우,28
#살아있다,박신혜,28
#살아있다,아파트,22
#살아있다,감독,21
#살아있다,연기,21
#살아있다,보고,18
#살아있다,헬기,16
#살아있다,평점,15
#살아있다,주인공,15
#살아있다,스토리,12
#살아있다,마지막,11
#살아있다,쓰레기,11
#살아있다,졸작,10
#살아있다,시나리오,9
#살아있다,라면,9
#살아있다,처음,8
#살아있다,넷플릭스,8
#살아있다,실감,8
#살아있다,장면,8
#살아있다,분장,8
#살아있다,대충,8
#살아있다,머리,7
#살아있다,나름,7
#살아있다,연출,7
#살아있다,얼굴,7
#살아있다,명작,7
#살아있다,갑자기,7
#살아있다,최악,7
#살아있다,현실,6
#살아있다,별로,6
#살아있다,아저씨,6
#살아있다,한국,6
#살아있다,수준,6
#살아있다,후반,6
#살아있다,얼마나,6
#살아있다,몰입,6
#살아있다,발,5
#살아있다,남아,5
#살아있다,기적,5
#살아있다,뜬금,5
#살아있다,요즘,5
#살아있다,실망,5
#살아있다,어이,5
#살아있다,제일,5
#살아있다,설정,5
#살아있다,광고,5
#살아있다,상황,5
강철비2: 정상회담,잠수함,61
강철비2: 정상회담,현실,31
강철비2: 정상회담,한반도,31
강철비2: 정상회담,대통령,22
강철비2: 정상회담,일본,21
강철비2: 정상회담,북한,19
강철비2: 정상회담,배우,19
강철비2: 정상회담,평점,18
강철비2: 정상회담,통일,16
강철비2: 정상회담,정우성,16
강철비2: 정상회담,강철,15
강철비2: 정상회담,미국,14
강철비2: 정상회담,스토리,14
강철비2: 정상회담,최고,14
강철비2: 정상회담,한국,13
강철비2: 정상회담,감독,13
강철비2: 정상회담,보고,13
강철비2: 정상회담,재미,13
강철비2: 정상회담,우리나라,12
강철비2: 정상회담,상황,12
강철비2: 정상회담,감동,12
강철비2: 정상회담,전쟁,11
강철비2: 정상회담,정치,11
강철비2: 정상회담,나라,11
강철비2: 정상회담,인물,11
강철비2: 정상회담,친일파,11
강철비2: 정상회담,평화,10
강철비2: 정상회담,이야기,10
강철비2: 정상회담,기대,10
강철비2: 정상회담,연기,10
강철비2: 정상회담,테러,10
강철비2: 정상회담,연출,10
강철비2: 정상회담,대한민국,10
강철비2: 정상회담,함장,9
강철비2: 정상회담,마지막,9
강철비2: 정상회담,몰입,9
강철비2: 정상회담,긴장감,9
강철비2: 정상회담,설정,9
강철비2: 정상회담,액션,8
강철비2: 정상회담,이해,8
강철비2: 정상회담,코로나,8
강철비2: 정상회담,시나리오,8
강철비2: 정상회담,정세,8
강철비2: 정상회담,왜구,8
강철비2: 정상회담,아주,8
강철비2: 정상회담,역사,7
강철비2: 정상회담,미사일,7
강철비2: 정상회담,이유,7
강철비2: 정상회담,역할,7
강철비2: 정상회담,묘사,7
담보,감동,117
담보,연기,97
담보,성동일,78
담보,배우,58
담보,눈물,56
담보,담보,34
담보,하지원,31
담보,가족,28
담보,스토리,26
담보,김희원,26
담보,가슴,25
담보,마음,23
담보,보고,18
담보,코로나,17
담보,아역,16
담보,최고,15
담보,아이,14
담보,신파,14
담보,감독,14
담보,세상,13
담보,간만,13
담보,박소,13
담보,아역배우,13
담보,시대,11
담보,연기력,11
담보,펑펑,11
담보,역시,10
담보,역할,10
담보,아빠,10
담보,강추,10
담보,울면,10
담보,모든,10
담보,추천,9
담보,사랑,9
담보,느낌,9
담보,아주,9
담보,작품,8
담보,승희,8
담보,마지막,8
담보,아저씨,8
담보,모습,8
담보,처음,8
담보,예상,8
담보,김윤진,8
담보,기대,8
담보,다가,7
담보,여운,7
담보,이양,7
담보,애기,7
담보,힐링,7
닥터 두리틀,동물,39
닥터 두리틀,로다주,34
닥터 두리틀,아이,25
닥터 두리틀,보기,19
닥터 두리틀,스토리,17
닥터 두리틀,평점,14
닥터 두리틀,연기,14
닥터 두리틀,재미,13
닥터 두리틀,어린이,12
닥터 두리틀,가족,12
닥터 두리틀,어른,10
닥터 두리틀,기대,10
닥터 두리틀,이야기,9
닥터 두리틀,장면,8
닥터 두리틀,개연,8
닥터 두리틀,여왕,8
닥터 두리틀,두리틀,8
닥터 두리틀,조금,6
닥터 두리틀,보고,6
닥터 두리틀,아들,6
닥터 두리틀,목소리,6
닥터 두리틀,이건,6
닥터 두리틀,이제,6
닥터 두리틀,최고,6
닥터 두리틀,시리즈,6
닥터 두리틀,동화,5
닥터 두리틀,전개,5
닥터 두리틀,별로,5
닥터 두리틀,영상,5
닥터 두리틀,감동,5
닥터 두리틀,노잼,5
닥터 두리틀,배우,5
닥터 두리틀,닥터,5
닥터 두리틀,출연,5
닥터 두리틀,자녀,5
닥터 두리틀,무조건,4
닥터 두리틀,알바,4
닥터 두리틀,케미,4
닥터 두리틀,힐링,4
닥터 두리틀,가족영화,4
닥터 두리틀,초딩,4
닥터 두리틀,쓰레기,4
닥터 두리틀,마음,4
닥터 두리틀,약간,4
닥터 두리틀,동심,4
닥터 두리틀,아이언맨,4
닥터 두리틀,대화,4
닥터 두리틀,마지막,4
닥터 두리틀,느낌,4
닥터 두리틀,뭔가,4
삼진그룹 영어토익반,연기,37
삼진그룹 영어토익반,배우,27
삼진그룹 영어토익반,스토리,21
삼진그룹 영어토익반,재미,21
삼진그룹 영어토익반,시절,20
삼진그룹 영어토익반,기대,18
삼진그룹 영어토익반,여성,16
삼진그룹 영어토익반,최고,16
삼진그룹 영어토익반,시대,15
삼진그룹 영어토익반,현실,15
삼진그룹 영어토익반,평점,15
삼진그룹 영어토익반,회사,14
삼진그룹 영어토익반,보고,14
삼진그룹 영어토익반,고아성,11
삼진그룹 영어토익반,박혜수,11
삼진그룹 영어토익반,공감,11
삼진그룹 영어토익반,이야기,11
삼진그룹 영어토익반,연출,11
삼진그룹 영어토익반,추천,10
삼진그룹 영어토익반,감동,10
삼진그룹 영어토익반,전개,10
삼진그룹 영어토익반,여직원,10
삼진그룹 영어토익반,재벌,10
삼진그룹 영어토익반,코로나,10
삼진그룹 영어토익반,기업,10
삼진그룹 영어토익반,올해,9
삼진그룹 영어토익반,사건,9
삼진그룹 영어토익반,페놀,9
삼진그룹 영어토익반,그때,9
삼진그룹 영어토익반,마지막,9
삼진그룹 영어토익반,결말,9
삼진그룹 영어토익반,반전,8
삼진그룹 영어토익반,추억,8
삼진그룹 영어토익반,기분,8
삼진그룹 영어토익반,대기업,8
삼진그룹 영어토익반,한국,8
삼진그룹 영어토익반,캐릭터,8
삼진그룹 영어토익반,페미,8
삼진그룹 영어토익반,처음,8
삼진그룹 영어토익반,이솜,8
삼진그룹 영어토익반,주인공,8
삼진그룹 영어토익반,한국영,8
삼진그룹 영어토익반,장면,7
삼진그룹 영어토익반,세상,7
삼진그룹 영어토익반,아이,7
삼진그룹 영어토익반,주제,7
삼진그룹 영어토익반,부분,7
삼진그룹 영어토익반,전혀,7
삼진그룹 영어토익반,커피,6
삼진그룹 영어토익반,예상,6
정직한 후보,라미란,61
정직한 후보,배우,26
정직한 후보,정치,25
정직한 후보,연기,24
정직한 후보,코로나,19
정직한 후보,재미,18
정직한 후보,코미디,15
정직한 후보,역시,14
정직한 후보,풍자,13
정직한 후보,설정,13
정직한 후보,최고,12
정직한 후보,웃음,11
정직한 후보,요즘,10
정직한 후보,예고편,10
정직한 후보,코믹,9
정직한 후보,김무열,9
정직한 후보,기대,9
정직한 후보,웃기,8
정직한 후보,스토리,8
정직한 후보,보기,8
정직한 후보,킬링타임,7
정직한 후보,요소,7
정직한 후보,감동,7
정직한 후보,소재,7
정직한 후보,후보,7
정직한 후보,대사,7
정직한 후보,현실,6
정직한 후보,억지,6
정직한 후보,정치인,6
정직한 후보,장면,6
정직한 후보,빵빵,6
정직한 후보,평점,6
정직한 후보,마음,6
정직한 후보,거짓말,6
정직한 후보,초반,6
정직한 후보,시기,5
정직한 후보,간만,5
정직한 후보,시나리오,5
정직한 후보,연출,5
정직한 후보,전체,5
정직한 후보,이상,5
정직한 후보,국회의원,5
정직한 후보,감독,5
정직한 후보,비리,5
정직한 후보,대박,5
정직한 후보,주연,4
정직한 후보,추천,4
정직한 후보,개그,4
정직한 후보,총선,4
정직한 후보,스트레스,4
도굴,배우,44
도굴,연기,39
도굴,이제훈,31
도굴,스토리,25
도굴,간만,16
도굴,도굴,15
도굴,평점,15
도굴,신혜선,15
도굴,재미,15
도굴,개연,14
도굴,보고,12
도굴,오락,12
도굴,보기,12
도굴,느낌,12
도굴,반전,11
도굴,소재,11
도굴,매력,10
도굴,킬링타임,10
도굴,기대,10
도굴,별로,9
도굴,요즘,9
도굴,예상,9
도굴,설정,9
도굴,전개,9
도굴,주인공,9
도굴,대사,8
도굴,감독,8
도굴,장면,8
도굴,구성,8
도굴,코로나,8
도굴,한국,7
도굴,수준,7
도굴,캐릭터,7
도굴,가족,7
도굴,추천,7
도굴,케미,7
도굴,나름,6
도굴,조우진,6
도굴,최고,6
도굴,코믹,6
도굴,웃음,6
도굴,평가,6
도굴,마지막,5
도굴,뭔가,5
도굴,연출,5
도굴,스트레스,5
도굴,임원희,5
도굴,마음,5
도굴,흥미진진,5
도굴,코미디,5
클로젯,하정우,62
클로젯,연기,57
클로젯,배우,39
클로젯,김남길,33
클로젯,공포영화,28
클로젯,감독,24
클로젯,공포,21
클로젯,스토리,17
클로젯,장면,17
클로젯,평점,17
클로젯,아이,15
클로젯,느낌,13
클로젯,인시디어스,12
클로젯,아빠,10
클로젯,작품,10
클로젯,아동,10
클로젯,아동학대,10
클로젯,명진,9
클로젯,몰입,8
클로젯,처음,8
클로젯,마지막,8
클로젯,공포물,8
클로젯,억지,7
클로젯,초반,7
클로젯,보기,7
클로젯,메시지,7
클로젯,재미,7
클로젯,이야기,7
클로젯,전개,7
클로젯,추천,6
클로젯,캐릭터,6
클로젯,기대,6
클로젯,소재,6
클로젯,연출,6
클로젯,연기력,6
클로젯,별로,6
클로젯,어디,6
클로젯,깜짝,6
클로젯,엄마,6
클로젯,귀신,6
클로젯,기도,6
클로젯,컨저링,6
클로젯,설정,6
클로젯,학대,6
클로젯,이건,5
클로젯,개연,5
클로젯,다음,5
클로젯,박성웅,5
클로젯,계속,5
클로젯,보고,5
오케이 마담,엄정화,40
오케이 마담,연기,29
오케이 마담,코미디,24
오케이 마담,코믹,24
오케이 마담,보기,24
오케이 마담,배우,23
오케이 마담,액션,19
오케이 마담,가족,16
오케이 마담,반전,16
오케이 마담,웃음,15
오케이 마담,박성웅,14
오케이 마담,재미,13
오케이 마담,코로나,11
오케이 마담,킬링타임,10
오케이 마담,스토리,10
오케이 마담,감독,10
오케이 마담,기대,10
오케이 마담,아이,9
오케이 마담,김남길,9
오케이 마담,평점,9
오케이 마담,감동,8
오케이 마담,보고,7
오케이 마담,오버,7
오케이 마담,연출,7
오케이 마담,나름,7
오케이 마담,수준,7
오케이 마담,배정남,7
오케이 마담,출연,6
오케이 마담,비행기,6
오케이 마담,상황,6
오케이 마담,개연,6
오케이 마담,추천,6
오케이 마담,이영화,6
오케이 마담,한국영,5
오케이 마담,최악,5
오케이 마담,포인트,5
오케이 마담,끼리,5
오케이 마담,부분,5
오케이 마담,시나리오,5
오케이 마담,고생,5
오케이 마담,티비,5
오케이 마담,영화로,5
오케이 마담,느낌,5
오케이 마담,관람,4
오케이 마담,오락,4
오케이 마담,한국,4
오케이 마담,처음,4
오케이 마담,정화,4
오케이 마담,영화관,4
오케이 마담,현실,4
해치지않아,동물원,27
해치지않아,동물,26
해치지않아,배우,25
해치지않아,보기,23
해치지않아,가족,19
해치지않아,아이,16
해치지않아,코미디,15
해치지않아,웃음,15
해치지않아,감동,15
해치지않아,평점,14
해치지않아,재미,11
해치지않아,웃기,11
해치지않아,코믹,10
해치지않아,보고,10
해치지않아,기대,9
해치지않아,스토리,9
해치지않아,연기,8
해치지않아,이야기,8
해치지않아,결말,8
해치지않아,마음,8
해치지않아,직업,7
해치지않아,끼리,7
해치지않아,관객,7
해치지않아,현실,7
해치지않아,웹툰,7
해치지않아,계속,7
해치지않아,조금,6
해치지않아,부분,6
해치지않아,강소라,6
해치지않아,해치,6
해치지않아,초딩,6
해치지않아,감독,6
해치지않아,드라마,6
해치지않아,전개,6
해치지않아,작품,6
해치지않아,빵빵,5
해치지않아,노잼,5
해치지않아,어른,5
해치지않아,극한,5
해치지않아,예고편,5
해치지않아,보지,5
해치지않아,안재홍,5
해치지않아,억지,5
해치지않아,장면,5
해치지않아,설정,5
해치지않아,북극곰,5
해치지않아,실망,5
해치지않아,기분,5
해치지않아,영화관,5
해치지않아,한번,5
천문: 하늘에 묻는다,연기,61
천문: 하늘에 묻는다,배우,43
천문: 하늘에 묻는다,장영실,43
천문: 하늘에 묻는다,한석규,34
천문: 하늘에 묻는다,감동,32
천문: 하늘에 묻는다,최민식,27
천문: 하늘에 묻는다,세종,25
천문: 하늘에 묻는다,세종대왕,24
천문: 하늘에 묻는다,역사,20
천문: 하늘에 묻는다,한글,16
천문: 하늘에 묻는다,나라,16
천문: 하늘에 묻는다,연기력,14
천문: 하늘에 묻는다,최고,13
천문: 하늘에 묻는다,감독,12
천문: 하늘에 묻는다,흥행,12
천문: 하늘에 묻는다,조선,12
천문: 하늘에 묻는다,국민,11
천문: 하늘에 묻는다,기득권,11
천문: 하늘에 묻는다,백성,11
천문: 하늘에 묻는다,작품,11
천문: 하늘에 묻는다,눈물,10
천문: 하늘에 묻는다,보고,10
천문: 하늘에 묻는다,가슴,10
천문: 하늘에 묻는다,마지막,9
천문: 하늘에 묻는다,신분,9
천문: 하늘에 묻는다,정치,9
천문: 하늘에 묻는다,극장,8
천문: 하늘에 묻는다,상황,8
천문: 하늘에 묻는다,브로맨스,8
천문: 하늘에 묻는다,누가,8
천문: 하늘에 묻는다,사대부,8
천문: 하늘에 묻는다,부들,8
천문: 하늘에 묻는다,천문,7
천문: 하늘에 묻는다,한번,7
천문: 하늘에 묻는다,왜곡,7
천문: 하늘에 묻는다,시대,7
천문: 하늘에 묻는다,사랑,7
천문: 하늘에 묻는다,위해,7
천문: 하늘에 묻는다,명나라,6
천문: 하늘에 묻는다,명연기,6
천문: 하늘에 묻는다,사극,6
천문: 하늘에 묻는다,드라마,6
천문: 하늘에 묻는다,반대,6
천문: 하늘에 묻는다,느낌,6
천문: 하늘에 묻는다,그때,6
천문: 하늘에 묻는다,권력,6
천문: 하늘에 묻는다,명작,5
천문: 하늘에 묻는다,재미,5
천문: 하늘에 묻는다,한당,5
천문: 하늘에 묻는다,뭔가,5
결백,연기,111
결백,신혜선,65
결백,배우,48
결백,스토리,37
결백,연기력,24
결백,몰입,21
결백,배종옥,19
결백,변호사,17
결백,반전,17
결백,법정,15
결백,허준호,15
결백,감동,14
결백,최고,14
결백,시나리오,14
결백,연출,11
결백,신파,10
결백,집중,10
결백,보고,9
결백,간만,9
결백,수작,9
결백,검사,9
결백,몰입도,9
결백,캐릭터,8
결백,전개,8
결백,평점,8
결백,자폐,8
결백,코로나,8
결백,기대,7
결백,작품,7
결백,이해,7
결백,한번,7
결백,감독,7
결백,느낌,7
결백,연기자,7
결백,뭔가,6
결백,결백,6
결백,개연,6
결백,동생,6
결백,엄마,6
결백,드라마,6
결백,주인공,6
결백,장면,6
결백,나름,6
결백,요즘,5
결백,한국영,5
결백,눈물,5
결백,구성,5
결백,결과,5
결백,조금,5
결백,처음,5
1917,전쟁,78
1917,촬영,45
1917,테이크,42
1917,전쟁영화,41
1917,기법,27
1917,장면,25
1917,느낌,24
1917,스토리,23
1917,작품,22
1917,감동,22
1917,최고,21
1917,몰입,18
1917,기생충,17
1917,주인공,16
1917,연출,16
1917,감독,16
1917,병사,13
1917,카메라,13
1917,긴장감,12
1917,인간,11
1917,몰입도,11
1917,극장,10
1917,보고,10
1917,재미,10
1917,아카데미,9
1917,내내,9
1917,한번,9
1917,음악,9
1917,부분,9
1917,평점,8
1917,코로나,8
1917,전장,8
1917,라이언,8
1917,배우,8
1917,마지막,8
1917,명작,8
1917,임무,8
1917,화면,7
1917,스코필드,7
1917,영화관,7
1917,일병,7
1917,매우,7
1917,개연,7
1917,세상,7
1917,위해,7
1917,배경,7
1917,이야기,7
1917,수행,7
1917,자체,7
1917,기술,7
작은 아씨들,배우,36
작은 아씨들,원작,31
작은 아씨들,연기,26
작은 아씨들,감동,23
작은 아씨들,에이미,22
작은 아씨들,아씨,20
작은 아씨들,보고,17
작은 아씨들,캐스팅,16
작은 아씨들,자매,16
작은 아씨들,과거,15
작은 아씨들,현재,15
작은 아씨들,캐릭터,13
작은 아씨들,작품,12
작은 아씨들,최고,12
작은 아씨들,스토리,12
작은 아씨들,기대,12
작은 아씨들,가족,11
작은 아씨들,로리,11
작은 아씨들,작은아씨,10
작은 아씨들,배경,10
작은 아씨들,평점,10
작은 아씨들,전개,10
작은 아씨들,느낌,10
작은 아씨들,구성,9
작은 아씨들,역할,9
작은 아씨들,부분,9
작은 아씨들,별로,9
작은 아씨들,명작,9
작은 아씨들,감독,9
작은 아씨들,여성,9
작은 아씨들,일본,9
작은 아씨들,분위기,8
작은 아씨들,조금,8
작은 아씨들,이야기,8
작은 아씨들,몰입,8
작은 아씨들,집중,8
작은 아씨들,연출,8
작은 아씨들,실망,8
작은 아씨들,로넌,8
작은 아씨들,기억,7
작은 아씨들,시대,7
작은 아씨들,한국인,7
작은 아씨들,그레타,7
작은 아씨들,배급사,7
작은 아씨들,이해,7
작은 아씨들,소설,7
작은 아씨들,재미,7
작은 아씨들,시절,7
작은 아씨들,편집,7
작은 아씨들,거윅,6
미드웨이,일본,58
미드웨이,미드,52
미드웨이,웨이,50
미드웨이,미국,43
미드웨이,전쟁,43
미드웨이,해전,31
미드웨이,진주만,30
미드웨이,역사,26
미드웨이,전투,26
미드웨이,장면,25
미드웨이,전쟁영화,23
미드웨이,스토리,22
미드웨이,실화,17
미드웨이,최고,17
미드웨이,이야기,14
미드웨이,투신,14
미드웨이,다큐,14
미드웨이,전투씬,13
미드웨이,재미,13
미드웨이,희생,13
미드웨이,전개,12
미드웨이,보고,12
미드웨이,감독,12
미드웨이,승리,12
미드웨이,감동,11
미드웨이,진주,10
미드웨이,스케일,10
미드웨이,시작,9
미드웨이,항모,9
미드웨이,몰입,9
미드웨이,국뽕,9
미드웨이,추천,9
미드웨이,느낌,9
미드웨이,바탕,9
미드웨이,인물,9
미드웨이,미화,9
미드웨이,영웅,9
미드웨이,집중,8
미드웨이,대전,8
미드웨이,긴장감,8
미드웨이,사건,8
미드웨이,상황,8
미드웨이,한번,7
미드웨이,머리,7
미드웨이,세계대전,7
미드웨이,정신,7
미드웨이,미군,7
미드웨이,이해,7
미드웨이,백두산,7
미드웨이,이름,6
시동,마동석,41
시동,연기,28
시동,배우,26
시동,박정민,22
시동,감동,17
시동,시동,14
시동,스토리,14
시동,보고,14
시동,기대,13
시동,캐릭터,13
시동,재미,12
시동,가족,10
시동,최성은,9
시동,보기,8
시동,현실,8
시동,뭔가,8
시동,코믹,8
시동,어른,7
시동,정해,7
시동,주인공,6
시동,인생,6
시동,웹툰,6
시동,간만,6
시동,코미디,5
시동,드라마,5
시동,마무리,5
시동,매력,5
시동,장면,5
시동,결말,5
시동,전개,5
시동,넷플릭스,5
시동,이야기,5
시동,백두산,5
시동,시작,4
시동,해피엔딩,4
시동,마지막,4
시동,조폭,4
시동,감독,4
시동,다음,4
시동,폭력,4
시동,원작,4
시동,이상,4
시동,염정아,4
시동,영화로,4
시동,청춘,4
시동,시나리오,3
시동,가장,3
시동,한국영,3
시동,짜장면,3
시동,그릇,3
지푸라기라도 잡고 싶은 짐승들,배우,47
지푸라기라도 잡고 싶은 짐승들,연기,42
지푸라기라도 잡고 싶은 짐승들,전도연,34
지푸라기라도 잡고 싶은 짐승들,정우성,30
지푸라기라도 잡고 싶은 짐승들,스토리,25
지푸라기라도 잡고 싶은 짐승들,코로나,16
지푸라기라도 잡고 싶은 짐승들,작품,14
지푸라기라도 잡고 싶은 짐승들,평점,13
지푸라기라도 잡고 싶은 짐승들,감독,12
지푸라기라도 잡고 싶은 짐승들,가방,11
지푸라기라도 잡고 싶은 짐승들,기대,11
지푸라기라도 잡고 싶은 짐승들,수작,11
지푸라기라도 잡고 싶은 짐승들,연기력,11
지푸라기라도 잡고 싶은 짐승들,한국영,10
지푸라기라도 잡고 싶은 짐승들,재미,10
지푸라기라도 잡고 싶은 짐승들,장면,10
지푸라기라도 잡고 싶은 짐승들,나름,10
지푸라기라도 잡고 싶은 짐승들,구성,9
지푸라기라도 잡고 싶은 짐승들,최근,9
지푸라기라도 잡고 싶은 짐승들,반전,8
지푸라기라도 잡고 싶은 짐승들,이야기,8
지푸라기라도 잡고 싶은 짐승들,느낌,8
지푸라기라도 잡고 싶은 짐승들,돈,8
지푸라기라도 잡고 싶은 짐승들,가장,8
지푸라기라도 잡고 싶은 짐승들,흥행,7
지푸라기라도 잡고 싶은 짐승들,개연,7
지푸라기라도 잡고 싶은 짐승들,장르,6
지푸라기라도 잡고 싶은 짐승들,원작,6
지푸라기라도 잡고 싶은 짐승들,몰입도,6
지푸라기라도 잡고 싶은 짐승들,연출,6
지푸라기라도 잡고 싶은 짐승들,캐릭터,6
지푸라기라도 잡고 싶은 짐승들,짜임새,6
지푸라기라도 잡고 싶은 짐승들,전개,6
지푸라기라도 잡고 싶은 짐승들,최고,6
지푸라기라도 잡고 싶은 짐승들,간만,6
지푸라기라도 잡고 싶은 짐승들,매력,6
지푸라기라도 잡고 싶은 짐승들,역시,6
지푸라기라도 잡고 싶은 짐승들,별로,5
지푸라기라도 잡고 싶은 짐승들,선생,5
지푸라기라도 잡고 싶은 짐승들,쓰레기,5
지푸라기라도 잡고 싶은 짐승들,마지막,5
지푸라기라도 잡고 싶은 짐승들,함,5
지푸라기라도 잡고 싶은 짐승들,조금,5
지푸라기라도 잡고 싶은 짐승들,잘못,5
지푸라기라도 잡고 싶은 짐승들,성도,5
지푸라기라도 잡고 싶은 짐승들,시나리오,5
지푸라기라도 잡고 싶은 짐승들,처음,4
지푸라기라도 잡고 싶은 짐승들,아주,4
지푸라기라도 잡고 싶은 짐승들,역할,4
지푸라기라도 잡고 싶은 짐승들,결말,4
미스터 주: 사라진 VIP,동물,49
미스터 주: 사라진 VIP,배우,38
미스터 주: 사라진 VIP,감독,29
미스터 주: 사라진 VIP,아이,28
미스터 주: 사라진 VIP,연기,26
미스터 주: 사라진 VIP,이성민,21
미스터 주: 사라진 VIP,보기,20
미스터 주: 사라진 VIP,배정남,18
미스터 주: 사라진 VIP,느낌,17
미스터 주: 사라진 VIP,재미,16
미스터 주: 사라진 VIP,수준,16
미스터 주: 사라진 VIP,쓰레기,14
미스터 주: 사라진 VIP,보고,13
미스터 주: 사라진 VIP,작품,12
미스터 주: 사라진 VIP,목소리,12
미스터 주: 사라진 VIP,어린이,11
미스터 주: 사라진 VIP,평점,11
미스터 주: 사라진 VIP,이건,11
미스터 주: 사라진 VIP,시나리오,11
미스터 주: 사라진 VIP,초딩,10
미스터 주: 사라진 VIP,닥터,10
미스터 주: 사라진 VIP,초등학생,10
미스터 주: 사라진 VIP,가족,9
미스터 주: 사라진 VIP,두리틀,9
미스터 주: 사라진 VIP,주연,8
미스터 주: 사라진 VIP,관람,8
미스터 주: 사라진 VIP,어른,8
미스터 주: 사라진 VIP,감동,8
미스터 주: 사라진 VIP,소재,7
미스터 주: 사라진 VIP,최악,7
미스터 주: 사라진 VIP,초반,7
미스터 주: 사라진 VIP,웃음,7
미스터 주: 사라진 VIP,코믹,7
미스터 주: 사라진 VIP,연출,6
미스터 주: 사라진 VIP,학년,6
미스터 주: 사라진 VIP,무슨,6
미스터 주: 사라진 VIP,캐스팅,6
미스터 주: 사라진 VIP,코미디,6
미스터 주: 사라진 VIP,이하,6
미스터 주: 사라진 VIP,영화로,6
미스터 주: 사라진 VIP,아들,6
미스터 주: 사라진 VIP,누가,5
미스터 주: 사라진 VIP,극장,5
미스터 주: 사라진 VIP,신파,5
미스터 주: 사라진 VIP,개봉,5
미스터 주: 사라진 VIP,조금,5
미스터 주: 사라진 VIP,내내,5
미스터 주: 사라진 VIP,유치,5
미스터 주: 사라진 VIP,스토리,5
미스터 주: 사라진 VIP,알리,5
인비저블맨,여주,45
인비저블맨,투명인간,36
인비저블맨,공포,29
인비저블맨,주인공,29
인비저블맨,반전,29
인비저블맨,긴장감,22
인비저블맨,연기,18
인비저블맨,스릴러,17
인비저블맨,결말,16
인비저블맨,할로우,15
인비저블맨,스토리,15
인비저블맨,소재,13
인비저블맨,몰입,13
인비저블맨,투명,13
인비저블맨,연출,12
인비저블맨,연기력,12
인비저블맨,평점,12
인비저블맨,초반,11
인비저블맨,나름,11
인비저블맨,배우,10
인비저블맨,재미,10
인비저블맨,스릴,10
인비저블맨,긴장,10
인비저블맨,코로나,10
인비저블맨,외모,9
인비저블맨,아주,9
인비저블맨,집착,9
인비저블맨,설정,9
인비저블맨,마지막,8
인비저블맨,예고편,8
인비저블맨,부분,8
인비저블맨,세실리아,8
인비저블맨,아웃,8
인비저블맨,예상,8
인비저블맨,보고,8
인비저블맨,전혀,8
인비저블맨,수트,8
인비저블맨,추천,8
인비저블맨,어스,8
인비저블맨,얼굴,8
인비저블맨,예산,8
인비저블맨,작품,8
인비저블맨,극장,8
인비저블맨,모스,7
인비저블맨,기대,7
인비저블맨,개연,7
인비저블맨,조금,7
인비저블맨,느낌,7
인비저블맨,후반,7
인비저블맨,내내,7
나쁜 녀석들 : 포에버,액션,47
나쁜 녀석들 : 포에버,녀석,24
나쁜 녀석들 : 포에버,스토리,18
나쁜 녀석들 : 포에버,윌스미스,15
나쁜 녀석들 : 포에버,시리즈,13
나쁜 녀석들 : 포에버,아들,11
나쁜 녀석들 : 포에버,스타워즈,9
나쁜 녀석들 : 포에버,스미스,9
나쁜 녀석들 : 포에버,마지막,8
나쁜 녀석들 : 포에버,추억,8
나쁜 녀석들 : 포에버,감독,8
나쁜 녀석들 : 포에버,마틴,7
나쁜 녀석들 : 포에버,나이,7
나쁜 녀석들 : 포에버,최고,7
나쁜 녀석들 : 포에버,영상,7
나쁜 녀석들 : 포에버,보고,6
나쁜 녀석들 : 포에버,조금,6
나쁜 녀석들 : 포에버,요즘,6
나쁜 녀석들 : 포에버,미니,6
나쁜 녀석들 : 포에버,개그,6
나쁜 녀석들 : 포에버,배우,6
나쁜 녀석들 : 포에버,로렌스,6
나쁜 녀석들 : 포에버,별로,6
나쁜 녀석들 : 포에버,실망,6
나쁜 녀석들 : 포에버,포에버,5
나쁜 녀석들 : 포에버,평점,5
나쁜 녀석들 : 포에버,쿠키,5
나쁜 녀석들 : 포에버,제목,5
나쁜 녀석들 : 포에버,역시,5
나쁜 녀석들 : 포에버,막장,5
나쁜 녀석들 : 포에버,연출,5
나쁜 녀석들 : 포에버,유머,5
나쁜 녀석들 : 포에버,설정,5
나쁜 녀석들 : 포에버,주인공,5
나쁜 녀석들 : 포에버,속편,5
나쁜 녀석들 : 포에버,작품,5
나쁜 녀석들 : 포에버,우리나라,5
나쁜 녀석들 : 포에버,억지,4
나쁜 녀석들 : 포에버,장면,4
나쁜 녀석들 : 포에버,이제,4
나쁜 녀석들 : 포에버,과거,4
나쁜 녀석들 : 포에버,드라마,4
나쁜 녀석들 : 포에버,오락,4
나쁜 녀석들 : 포에버,추천,4
나쁜 녀석들 : 포에버,총격,4
나쁜 녀석들 : 포에버,전혀,4
나쁜 녀석들 : 포에버,기대,4
나쁜 녀석들 : 포에버,배급사,4
나쁜 녀석들 : 포에버,세월,4
나쁜 녀석들 : 포에버,콤비,4
국제수사,배우,85
국제수사,감독,45
국제수사,곽도원,41
국제수사,연기,40
국제수사,필리핀,39
국제수사,기대,29
국제수사,재미,26
국제수사,평점,26
국제수사,보고,23
국제수사,스토리,20
국제수사,코미디,20
국제수사,국제,19
국제수사,보기,19
국제수사,코믹,18
국제수사,장면,17
국제수사,액션,17
국제수사,사투리,16
국제수사,웃음,16
국제수사,수사,15
국제수사,처음,15
국제수사,수준,13
국제수사,코로나,12
국제수사,나름,10
국제수사,한국영,10
국제수사,쓰레기,10
국제수사,개연,10
국제수사,요즘,9
국제수사,느낌,9
국제수사,김대,9
국제수사,김희원,9
국제수사,보지,9
국제수사,가족,9
국제수사,부분,9
국제수사,웃기,8
국제수사,최고,8
국제수사,시작,8
국제수사,장르,8
국제수사,개봉,8
국제수사,시나리오,8
국제수사,킬링타임,8
국제수사,연출,8
국제수사,혼자,8
국제수사,노잼,7
국제수사,최악,7
국제수사,추석,7
국제수사,캐릭터,7
국제수사,형사,7
국제수사,이건,7
국제수사,촬영,7
국제수사,김상호,6
침입자,송지효,87
침입자,연기,80
침입자,김무열,47
침입자,배우,40
침입자,종교,38
침입자,스토리,36
침입자,감독,34
침입자,사이비,32
침입자,스릴러,32
침입자,전개,27
침입자,결말,26
침입자,평점,26
침입자,마지막,23
침입자,반전,22
침입자,후반,20
침입자,긴장감,20
침입자,중반,20
침입자,느낌,19
침입자,나름,19
침입자,가족,18
침입자,초반,18
침입자,몰입,17
침입자,개연,17
침입자,고구마,17
침입자,연출,16
침입자,코로나,15
침입자,조금,15
침입자,연기력,14
침입자,부분,13
침입자,사이비종교,13
침입자,개봉,13
침입자,관객,12
침입자,처음,11
침입자,설정,10
침입자,침입,10
침입자,스릴,10
침입자,이유,10
침입자,갈수록,10
침입자,수준,10
침입자,기대,9
침입자,긴장,9
침입자,시나리오,9
침입자,동생,9
침입자,쓰레기,9
침입자,간만,9
침입자,주인공,9
침입자,재미,9
침입자,형사,8
침입자,몰입도,8
침입자,마무리,8
스타워즈: 라이즈 오브 스카이워커,스타워즈,203
스타워즈: 라이즈 오브 스카이워커,시리즈,88
스타워즈: 라이즈 오브 스카이워커,마지막,56
스타워즈: 라이즈 오브 스카이워커,스토리,50
스타워즈: 라이즈 오브 스카이워커,마무리,45
스타워즈: 라이즈 오브 스카이워커,포스,30
스타워즈: 라이즈 오브 스카이워커,주인공,28
스타워즈: 라이즈 오브 스카이워커,레이,27
스타워즈: 라이즈 오브 스카이워커,전편,26
스타워즈: 라이즈 오브 스카이워커,느낌,25
스타워즈: 라이즈 오브 스카이워커,제다이,25
스타워즈: 라이즈 오브 스카이워커,스카이워커,25
스타워즈: 라이즈 오브 스카이워커,이제,21
스타워즈: 라이즈 오브 스카이워커,에피소드,21
스타워즈: 라이즈 오브 스카이워커,이야기,21
스타워즈: 라이즈 오브 스카이워커,보고,21
스타워즈: 라이즈 오브 스카이워커,최고,20
스타워즈: 라이즈 오브 스카이워커,감독,18
스타워즈: 라이즈 오브 스카이워커,재미,18
스타워즈: 라이즈 오브 스카이워커,감동,18
스타워즈: 라이즈 오브 스카이워커,장면,17
스타워즈: 라이즈 오브 스카이워커,제이,17
스타워즈: 라이즈 오브 스카이워커,이번,16
스타워즈: 라이즈 오브 스카이워커,기대,15
스타워즈: 라이즈 오브 스카이워커,디즈니,14
스타워즈: 라이즈 오브 스카이워커,캐릭터,14
스타워즈: 라이즈 오브 스카이워커,이상,14
스타워즈: 라이즈 오브 스카이워커,이건,14
스타워즈: 라이즈 오브 스카이워커,액션,14
스타워즈: 라이즈 오브 스카이워커,망작,13
스타워즈: 라이즈 오브 스카이워커,개봉,13
스타워즈: 라이즈 오브 스카이워커,전설,13
스타워즈: 라이즈 오브 스카이워커,레아,13
스타워즈: 라이즈 오브 스카이워커,시작,13
스타워즈: 라이즈 오브 스카이워커,루크,12
스타워즈: 라이즈 오브 스카이워커,전작,12
스타워즈: 라이즈 오브 스카이워커,처음,12
스타워즈: 라이즈 오브 스카이워커,설정,12
스타워즈: 라이즈 오브 스카이워커,추억,12
스타워즈: 라이즈 오브 스카이워커,극장,11
스타워즈: 라이즈 오브 스카이워커,라면,11
스타워즈: 라이즈 오브 스카이워커,부작,11
스타워즈: 라이즈 오브 스카이워커,결말,10
스타워즈: 라이즈 오브 스카이워커,가장,10
스타워즈: 라이즈 오브 스카이워커,이해,10
스타워즈: 라이즈 오브 스카이워커,역시,10
스타워즈: 라이즈 오브 스카이워커,드라마,10
스타워즈: 라이즈 오브 스카이워커,편이,10
스타워즈: 라이즈 오브 스카이워커,인생,10
스타워즈: 라이즈 오브 스카이워커,솔로,10
스파이 지니어스,아이,10
스파이 지니어스,재미,10
스파이 지니어스,스토리,10
스파이 지니어스,애니메이션,9
스파이 지니어스,애니,8
스파이 지니어스,액션,8
스파이 지니어스,비둘기,7
스파이 지니어스,디즈니,6
스파이 지니어스,스파이,6
스파이 지니어스,더빙,6
스파이 지니어스,홀랜드,6
스파이 지니어스,추천,6
스파이 지니어스,보기,6
스파이 지니어스,어른,6
스파이 지니어스,자막,5
스파이 지니어스,보고,5
스파이 지니어스,윌스미스,5
스파이 지니어스,캐릭터,5
스파이 지니어스,설정,5
스파이 지니어스,개그,4
스파이 지니어스,대박,4
스파이 지니어스,목소리,4
스파이 지니어스,한국어,4
스파이 지니어스,주인공,4
스파이 지니어스,이야기,4
스파이 지니어스,감동,4
스파이 지니어스,작품,4
스파이 지니어스,초딩,4
스파이 지니어스,전개,3
스파이 지니어스,동생,3
스파이 지니어스,거리,3
스파이 지니어스,취향,3
스파이 지니어스,스미스,3
스파이 지니어스,기대,3
스파이 지니어스,최고,3
스파이 지니어스,한국,3
스파이 지니어스,요소,3
스파이 지니어스,배우,3
스파이 지니어스,역시,3
스파이 지니어스,처음,3
스파이 지니어스,무척,3
스파이 지니어스,코미디,3
스파이 지니어스,만화영화,2
스파이 지니어스,성우,2
스파이 지니어스,재,2
스파이 지니어스,테러,2
스파이 지니어스,변신,2
스파이 지니어스,예상,2
스파이 지니어스,기술,2
스파이 지니어스,은근,2
온워드: 단 하루의 기적,감동,45
온워드: 단 하루의 기적,가족,24
온워드: 단 하루의 기적,픽사,19
온워드: 단 하루의 기적,재미,14
온워드: 단 하루의 기적,디즈니,14
온워드: 단 하루의 기적,아버지,14
온워드: 단 하루의 기적,아이,13
온워드: 단 하루의 기적,형제,12
온워드: 단 하루의 기적,애니메이션,11
온워드: 단 하루의 기적,아빠,11
온워드: 단 하루의 기적,아들,9
온워드: 단 하루의 기적,최고,9
온워드: 단 하루의 기적,역시,8
온워드: 단 하루의 기적,스토리,8
온워드: 단 하루의 기적,눈물,8
온워드: 단 하루의 기적,기대,7
온워드: 단 하루의 기적,추천,7
온워드: 단 하루의 기적,애니,6
온워드: 단 하루의 기적,마지막,6
온워드: 단 하루의 기적,펑펑,6
온워드: 단 하루의 기적,보기,6
온워드: 단 하루의 기적,모습,5
온워드: 단 하루의 기적,마법,5
온워드: 단 하루의 기적,항상,5
온워드: 단 하루의 기적,세계,5
온워드: 단 하루의 기적,더빙,5
온워드: 단 하루의 기적,보고,5
온워드: 단 하루의 기적,이안,4
온워드: 단 하루의 기적,어른,4
온워드: 단 하루의 기적,그래픽,4
온워드: 단 하루의 기적,이상,4
온워드: 단 하루의 기적,제일,4
온워드: 단 하루의 기적,교훈,4
온워드: 단 하루의 기적,인생,4
온워드: 단 하루의 기적,계속,4
온워드: 단 하루의 기적,작품,4
온워드: 단 하루의 기적,애가,4
온워드: 단 하루의 기적,이야기,3
온워드: 단 하루의 기적,이해,3
온워드: 단 하루의 기적,발리,3
온워드: 단 하루의 기적,후반,3
온워드: 단 하루의 기적,상상력,3
온워드: 단 하루의 기적,존재,3
온워드: 단 하루의 기적,평생,3
온워드: 단 하루의 기적,결말,3
온워드: 단 하루의 기적,기억,3
온워드: 단 하루의 기적,소재,3
온워드: 단 하루의 기적,영화관,3
온워드: 단 하루의 기적,판타지,3
온워드: 단 하루의 기적,느낌,3
소리도 없이,유아인,163
소리도 없이,연기,142
소리도 없이,배우,74
소리도 없이,감독,62
소리도 없이,평점,34
소리도 없이,유재,31
소리도 없이,재미,26
소리도 없이,결말,25
소리도 없이,인간,24
소리도 없이,마음,23
소리도 없이,느낌,22
소리도 없이,마지막,21
소리도 없이,이해,20
소리도 없이,아이,19
소리도 없이,연출,18
소리도 없이,초희,18
소리도 없이,유괴,18
소리도 없이,관객,17
소리도 없이,무엇,17
소리도 없이,최고,17
소리도 없이,기대,17
소리도 없이,대사,16
소리도 없이,보고,16
소리도 없이,이야기,16
소리도 없이,뭔가,15
소리도 없이,작품,15
소리도 없이,연기력,14
소리도 없이,감정,14
소리도 없이,한마디,14
소리도 없이,여운,13
소리도 없이,스토리,13
소리도 없이,위해,13
소리도 없이,감동,12
소리도 없이,계속,12
소리도 없이,장르,11
소리도 없이,의미,11
소리도 없이,주인공,11
소리도 없이,아역,11
소리도 없이,최악,11
소리도 없이,현실,10
소리도 없이,나름,10
소리도 없이,몰입,10
소리도 없이,표정,10
소리도 없이,시나리오,10
소리도 없이,부분,10
소리도 없이,호불호,9
소리도 없이,엔딩,9
소리도 없이,집중,9
소리도 없이,상업,9
소리도 없이,마무리,9
버즈 오브 프레이(할리 퀸의 황홀한 해방),할리퀸,87
버즈 오브 프레이(할리 퀸의 황홀한 해방),액션,61
버즈 오브 프레이(할리 퀸의 황홀한 해방),로비,48
버즈 오브 프레이(할리 퀸의 황홀한 해방),마고,47
버즈 오브 프레이(할리 퀸의 황홀한 해방),캐릭터,31
버즈 오브 프레이(할리 퀸의 황홀한 해방),감독,29
버즈 오브 프레이(할리 퀸의 황홀한 해방),스토리,23
버즈 오브 프레이(할리 퀸의 황홀한 해방),할리,20
버즈 오브 프레이(할리 퀸의 황홀한 해방),조커,19
버즈 오브 프레이(할리 퀸의 황홀한 해방),페미,19
버즈 오브 프레이(할리 퀸의 황홀한 해방),평점,18
버즈 오브 프레이(할리 퀸의 황홀한 해방),연출,17
버즈 오브 프레이(할리 퀸의 황홀한 해방),매력,17
버즈 오브 프레이(할리 퀸의 황홀한 해방),연기,16
버즈 오브 프레이(할리 퀸의 황홀한 해방),수어,14
버즈 오브 프레이(할리 퀸의 황홀한 해방),사이드,13
버즈 오브 프레이(할리 퀸의 황홀한 해방),이건,11
버즈 오브 프레이(할리 퀸의 황홀한 해방),재미,11
버즈 오브 프레이(할리 퀸의 황홀한 해방),배우,10
버즈 오브 프레이(할리 퀸의 황홀한 해방),기대,10
버즈 오브 프레이(할리 퀸의 황홀한 해방),이상,10
버즈 오브 프레이(할리 퀸의 황홀한 해방),보고,10
버즈 오브 프레이(할리 퀸의 황홀한 해방),쿠키,10
버즈 오브 프레이(할리 퀸의 황홀한 해방),여성,10
버즈 오브 프레이(할리 퀸의 황홀한 해방),디씨,10
버즈 오브 프레이(할리 퀸의 황홀한 해방),초반,9
버즈 오브 프레이(할리 퀸의 황홀한 해방),사자후,9
버즈 오브 프레이(할리 퀸의 황홀한 해방),최고,9
버즈 오브 프레이(할리 퀸의 황홀한 해방),수준,9
버즈 오브 프레이(할리 퀸의 황홀한 해방),예고편,9
버즈 오브 프레이(할리 퀸의 황홀한 해방),마블,8
버즈 오브 프레이(할리 퀸의 황홀한 해방),영상,8
버즈 오브 프레이(할리 퀸의 황홀한 해방),개떡,7
버즈 오브 프레이(할리 퀸의 황홀한 해방),나름,7
버즈 오브 프레이(할리 퀸의 황홀한 해방),데드풀,7
버즈 오브 프레이(할리 퀸의 황홀한 해방),장면,7
버즈 오브 프레이(할리 퀸의 황홀한 해방),색감,7
버즈 오브 프레이(할리 퀸의 황홀한 해방),스쿼드,7
버즈 오브 프레이(할리 퀸의 황홀한 해방),느낌,7
버즈 오브 프레이(할리 퀸의 황홀한 해방),차라리,7
버즈 오브 프레이(할리 퀸의 황홀한 해방),킬링타임,7
버즈 오브 프레이(할리 퀸의 황홀한 해방),주인공,6
버즈 오브 프레이(할리 퀸의 황홀한 해방),최악,6
버즈 오브 프레이(할리 퀸의 황홀한 해방),아쉬움,6
버즈 오브 프레이(할리 퀸의 황홀한 해방),별로,6
버즈 오브 프레이(할리 퀸의 황홀한 해방),히어로,6
버즈 오브 프레이(할리 퀸의 황홀한 해방),중국,6
버즈 오브 프레이(할리 퀸의 황홀한 해방),버즈,5
버즈 오브 프레이(할리 퀸의 황홀한 해방),설명,5
버즈 오브 프레이(할리 퀸의 황홀한 해방),오브,5
오! 문희,연기,55
오! 문희,나문희,43
오! 문희,배우,40
오! 문희,감동,30
오! 문희,가족,28
오! 문희,이희준,26
오! 문희,스토리,18
오! 문희,문희,18
오! 문희,재미,17
오! 문희,기대,17
오! 문희,보기,15
오! 문희,평점,13
오! 문희,감독,13
오! 문희,반전,13
오! 문희,웃음,11
오! 문희,선생님,11
오! 문희,역시,10
오! 문희,연기력,10
오! 문희,코미디,9
오! 문희,보고,9
오! 문희,눈물,9
오! 문희,엄마,9
오! 문희,아들,8
오! 문희,알바,8
오! 문희,코믹,7
오! 문희,가슴,7
오! 문희,최고,7
오! 문희,사랑,7
오! 문희,오케이,7
오! 문희,치매,6
오! 문희,범인,6
오! 문희,코로나,6
오! 문희,요즘,6
오! 문희,개봉,6
오! 문희,오버,5
오! 문희,마담,5
오! 문희,장면,5
오! 문희,관객,5
오! 문희,마음,5
오! 문희,예상,5
오! 문희,소재,5
오! 문희,항상,5
오! 문희,연출,4
오! 문희,캐릭터,4
오! 문희,엄니,4
오! 문희,극장,4
오! 문희,응원,4
오! 문희,테넷,4
오! 문희,느낌,4
오! 문희,한번,4
그린랜드,가족,116
그린랜드,재난,70
그린랜드,재난영화,64
그린랜드,상황,27
그린랜드,장면,23
그린랜드,민폐,20
그린랜드,발암,19
그린랜드,지구,19
그린랜드,스토리,18
그린랜드,감동,17
그린랜드,인간,16
그린랜드,드라마,16
그린랜드,긴장감,16
그린랜드,주인공,15
그린랜드,현실,15
그린랜드,혜성,14
그린랜드,선택,13
그린랜드,평점,13
그린랜드,스케일,13
그린랜드,부분,12
그린랜드,마지막,12
그린랜드,기적,12
그린랜드,코로나,12
그린랜드,미국,12
그린랜드,비행기,10
그린랜드,몰입,10
그린랜드,제라드,10
그린랜드,인류,10
그린랜드,실제,10
그린랜드,블록버스터,9
그린랜드,보기,9
그린랜드,충돌,9
그린랜드,액션,9
그린랜드,재미,9
그린랜드,자기,9
그린랜드,가장,9
그린랜드,행동,9
그린랜드,이야기,9
그린랜드,그린랜드,9
그린랜드,처음,9
그린랜드,표현,8
그린랜드,실감,8
그린랜드,나름,8
그린랜드,과정,8
그린랜드,가족영화,8
그린랜드,집중,8
그린랜드,스펙,8
그린랜드,극장,7
그린랜드,수작,7
그린랜드,볼거리,7
런,스릴러,31
런,연기,22
런,엄마,22
런,스토리,18
런,마지막,17
런,서치,15
런,배우,15
런,반전,13
런,긴장감,12
런,감독,11
런,연출,11
런,최고,9
런,느낌,9
런,작품,7
런,긴장,7
런,결말,7
런,장면,6
런,쫄깃,6
런,미저리,6
런,나름,6
런,기대,6
런,조금,6
런,가장,6
런,심장,6
런,클로이,6
런,전개,5
런,스릴,5
런,보고,5
런,몰입도,5
런,예상,5
런,사라,5
런,설명,4
런,올해,4
런,예측,4
런,소재,4
런,연기력,4
런,계속,3
런,뭔가,3
런,요즘,3
런,역시,3
런,소름,3
런,앨런,3
런,초반,3
런,설정,3
런,지수,3
런,유리,3
런,시사회,3
런,폴슨,3
런,드라마,3
런,라면,3
내가 죽던 날,연기,97
내가 죽던 날,김혜수,89
내가 죽던 날,배우,74
내가 죽던 날,이정은,46
내가 죽던 날,스토리,30
내가 죽던 날,마지막,23
내가 죽던 날,보고,20
내가 죽던 날,연출,19
내가 죽던 날,몰입,18
내가 죽던 날,감독,16
내가 죽던 날,기대,16
내가 죽던 날,위로,16
내가 죽던 날,최고,15
내가 죽던 날,평점,15
내가 죽던 날,반전,14
내가 죽던 날,상황,14
내가 죽던 날,몰입도,13
내가 죽던 날,감동,13
내가 죽던 날,인생,13
내가 죽던 날,결말,13
내가 죽던 날,여운,13
내가 죽던 날,집중,12
내가 죽던 날,알바,12
내가 죽던 날,느낌,11
내가 죽던 날,경찰,10
내가 죽던 날,코로나,10
내가 죽던 날,마음,10
내가 죽던 날,가슴,10
내가 죽던 날,전개,10
내가 죽던 날,주인공,10
내가 죽던 날,깊이,9
내가 죽던 날,조금,9
내가 죽던 날,이유,8
내가 죽던 날,남편,8
내가 죽던 날,연기력,8
내가 죽던 날,현실,8
내가 죽던 날,드라마,8
내가 죽던 날,모든,8
내가 죽던 날,이해,8
내가 죽던 날,형사,8
내가 죽던 날,관객,8
내가 죽던 날,이상,8
내가 죽던 날,긴장감,8
내가 죽던 날,계속,7
내가 죽던 날,작품,7
내가 죽던 날,혜수,7
내가 죽던 날,초반,7
내가 죽던 날,대사,7
내가 죽던 날,내내,7
내가 죽던 날,극장,7
신비아파트 극장판 하늘도깨비 대 요르문간드,아이,15
신비아파트 극장판 하늘도깨비 대 요르문간드,신비,8
신비아파트 극장판 하늘도깨비 대 요르문간드,보고,7
신비아파트 극장판 하늘도깨비 대 요르문간드,극장판,6
신비아파트 극장판 하늘도깨비 대 요르문간드,강림,5
신비아파트 극장판 하늘도깨비 대 요르문간드,아파트,5
신비아파트 극장판 하늘도깨비 대 요르문간드,스토리,4
신비아파트 극장판 하늘도깨비 대 요르문간드,가족,4
신비아파트 극장판 하늘도깨비 대 요르문간드,어른,4
신비아파트 극장판 하늘도깨비 대 요르문간드,만화,4
신비아파트 극장판 하늘도깨비 대 요르문간드,애니,4
신비아파트 극장판 하늘도깨비 대 요르문간드,아들,4
신비아파트 극장판 하늘도깨비 대 요르문간드,엄마,3
신비아파트 극장판 하늘도깨비 대 요르문간드,집중,3
신비아파트 극장판 하늘도깨비 대 요르문간드,조카,3
신비아파트 극장판 하늘도깨비 대 요르문간드,동생,3
신비아파트 극장판 하늘도깨비 대 요르문간드,이번,3
신비아파트 극장판 하늘도깨비 대 요르문간드,겨울왕국,3
신비아파트 극장판 하늘도깨비 대 요르문간드,주비,3
신비아파트 극장판 하늘도깨비 대 요르문간드,국산,3
신비아파트 극장판 하늘도깨비 대 요르문간드,처음,3
신비아파트 극장판 하늘도깨비 대 요르문간드,재미,3
신비아파트 극장판 하늘도깨비 대 요르문간드,도깨비,3
신비아파트 극장판 하늘도깨비 대 요르문간드,역대,3
신비아파트 극장판 하늘도깨비 대 요르문간드,모처럼,2
신비아파트 극장판 하늘도깨비 대 요르문간드,학년,2
신비아파트 극장판 하늘도깨비 대 요르문간드,설정,2
신비아파트 극장판 하늘도깨비 대 요르문간드,국내,2
신비아파트 극장판 하늘도깨비 대 요르문간드,하늘,2
신비아파트 극장판 하늘도깨비 대 요르문간드,뮤지컬,2
신비아파트 극장판 하늘도깨비 대 요르문간드,발전,2
신비아파트 극장판 하늘도깨비 대 요르문간드,오늘,2
신비아파트 극장판 하늘도깨비 대 요르문간드,의견,2
신비아파트 극장판 하늘도깨비 대 요르문간드,제일,2
신비아파트 극장판 하늘도깨비 대 요르문간드,기대,2
신비아파트 극장판 하늘도깨비 대 요르문간드,시리즈,2
신비아파트 극장판 하늘도깨비 대 요르문간드,장면,2
신비아파트 극장판 하늘도깨비 대 요르문간드,애니메이션,2
신비아파트 극장판 하늘도깨비 대 요르문간드,콜라,2
신비아파트 극장판 하늘도깨비 대 요르문간드,역시,2
신비아파트 극장판 하늘도깨비 대 요르문간드,최고,2
신비아파트 극장판 하늘도깨비 대 요르문간드,가장,2
신비아파트 극장판 하늘도깨비 대 요르문간드,성우,2
신비아파트 극장판 하늘도깨비 대 요르문간드,만족,2
신비아파트 극장판 하늘도깨비 대 요르문간드,하리,2
신비아파트 극장판 하늘도깨비 대 요르문간드,가루다,2
신비아파트 극장판 하늘도깨비 대 요르문간드,캐릭터,2
신비아파트 극장판 하늘도깨비 대 요르문간드,이야기,2
신비아파트 극장판 하늘도깨비 대 요르문간드,잘만,2
신비아파트 극장판 하늘도깨비 대 요르문간드,대체,2
프리즌 이스케이프,긴장감,36
프리즌 이스케이프,실화,31
프리즌 이스케이프,탈옥,22
프리즌 이스케이프,탈출,20
프리즌 이스케이프,열쇠,13
프리즌 이스케이프,감옥,12
프리즌 이스케이프,심장,9
프리즌 이스케이프,역사,7
프리즌 이스케이프,긴장,6
프리즌 이스케이프,쇼생,6
프리즌 이스케이프,몰입,6
프리즌 이스케이프,마지막,6
프리즌 이스케이프,쫄깃,5
프리즌 이스케이프,스토리,5
프리즌 이스케이프,감동,5
프리즌 이스케이프,내내,5
프리즌 이스케이프,자유,5
프리즌 이스케이프,운동,5
프리즌 이스케이프,해리포터,4
프리즌 이스케이프,역시,4
프리즌 이스케이프,라면,4
프리즌 이스케이프,남아공,4
프리즌 이스케이프,나무,4
프리즌 이스케이프,교도소,4
프리즌 이스케이프,재미,4
프리즌 이스케이프,마음,4
프리즌 이스케이프,인간,4
프리즌 이스케이프,부분,4
프리즌 이스케이프,쫄깃해,3
프리즌 이스케이프,최고,3
프리즌 이스케이프,인종,3
프리즌 이스케이프,쫄깃하,3
프리즌 이스케이프,차별,3
프리즌 이스케이프,집중,3
프리즌 이스케이프,시대,3
프리즌 이스케이프,코로나,3
프리즌 이스케이프,인종차별,3
프리즌 이스케이프,바탕,3
프리즌 이스케이프,프리,3
프리즌 이스케이프,장난,3
프리즌 이스케이프,연기,3
프리즌 이스케이프,집념,3
프리즌 이스케이프,위해,3
프리즌 이스케이프,인권,3
프리즌 이스케이프,교도관,3
프리즌 이스케이프,쇼생크탈출,3
프리즌 이스케이프,스릴,3
프리즌 이스케이프,인물,3
프리즌 이스케이프,요즘,2
프리즌 이스케이프,전개,2
조제,조제,92
조제,원작,81
조제,한지민,78
조제,남주혁,44
조제,배우,41
조제,연기,40
조제,사랑,35
조제,일본,30
조제,감정,29
조제,보고,27
조제,기대,26
조제,리메이크,26
조제,감독,20
조제,느낌,20
조제,주인공,19
조제,작품,19
조제,평점,16
조제,호랑이,14
조제,물고기,13
조제,장면,13
조제,감동,12
조제,분위기,12
조제,영석,12
조제,여운,12
조제,부시,11
조제,계속,11
조제,마음,11
조제,캐릭터,10
조제,이해,10
조제,감성,10
조제,케미,9
조제,한국,9
조제,처음,9
조제,가슴,9
조제,겨울,9
조제,영석이,8
조제,스토리,8
조제,무슨,8
조제,이야기,8
조제,개봉,8
조제,알바,8
조제,관객,8
조제,응원,8
조제,모든,7
조제,눈물,7
조제,별로,7
조제,의미,7
조제,비교,6
조제,장애,6
조제,마지막,6
밤쉘: 세상을 바꾼 폭탄선언,배우,18
밤쉘: 세상을 바꾼 폭탄선언,미국,14
밤쉘: 세상을 바꾼 폭탄선언,연기,13
밤쉘: 세상을 바꾼 폭탄선언,샤를,12
밤쉘: 세상을 바꾼 폭탄선언,실화,11
밤쉘: 세상을 바꾼 폭탄선언,리즈,10
밤쉘: 세상을 바꾼 폭탄선언,테론,10
밤쉘: 세상을 바꾼 폭탄선언,현실,9
밤쉘: 세상을 바꾼 폭탄선언,권력,8
밤쉘: 세상을 바꾼 폭탄선언,피해자,8
밤쉘: 세상을 바꾼 폭탄선언,여성,7
밤쉘: 세상을 바꾼 폭탄선언,미투,7
밤쉘: 세상을 바꾼 폭탄선언,연출,7
밤쉘: 세상을 바꾼 폭탄선언,이야기,7
밤쉘: 세상을 바꾼 폭탄선언,인물,6
밤쉘: 세상을 바꾼 폭탄선언,폭로,6
밤쉘: 세상을 바꾼 폭탄선언,가장,6
밤쉘: 세상을 바꾼 폭탄선언,보고,6
밤쉘: 세상을 바꾼 폭탄선언,용기,6
밤쉘: 세상을 바꾼 폭탄선언,고발,5
밤쉘: 세상을 바꾼 폭탄선언,시국,5
밤쉘: 세상을 바꾼 폭탄선언,역시,5
밤쉘: 세상을 바꾼 폭탄선언,마고,5
밤쉘: 세상을 바꾼 폭탄선언,로비,5
밤쉘: 세상을 바꾼 폭탄선언,한국,5
밤쉘: 세상을 바꾼 폭탄선언,제대로,5
밤쉘: 세상을 바꾼 폭탄선언,전개,4
밤쉘: 세상을 바꾼 폭탄선언,언론,4
밤쉘: 세상을 바꾼 폭탄선언,니콜,4
밤쉘: 세상을 바꾼 폭탄선언,다만,4
밤쉘: 세상을 바꾼 폭탄선언,공감,4
밤쉘: 세상을 바꾼 폭탄선언,모습,4
밤쉘: 세상을 바꾼 폭탄선언,주제,4
밤쉘: 세상을 바꾼 폭탄선언,실감,4
밤쉘: 세상을 바꾼 폭탄선언,성폭력,4
밤쉘: 세상을 바꾼 폭탄선언,인상,4
밤쉘: 세상을 바꾼 폭탄선언,나라,4
밤쉘: 세상을 바꾼 폭탄선언,자체,4
밤쉘: 세상을 바꾼 폭탄선언,인간,4
밤쉘: 세상을 바꾼 폭탄선언,명의,4
밤쉘: 세상을 바꾼 폭탄선언,순간,4
밤쉘: 세상을 바꾼 폭탄선언,현재,4
밤쉘: 세상을 바꾼 폭탄선언,무엇,3
밤쉘: 세상을 바꾼 폭탄선언,시대,3
밤쉘: 세상을 바꾼 폭탄선언,폭발,3
밤쉘: 세상을 바꾼 폭탄선언,상황,3
밤쉘: 세상을 바꾼 폭탄선언,장면,3
밤쉘: 세상을 바꾼 폭탄선언,여성인권,3
밤쉘: 세상을 바꾼 폭탄선언,여배우,3
밤쉘: 세상을 바꾼 폭탄선언,마지막,3
