noun,count,title
모가디슈,3609,모가디슈
고립,2406,모가디슈
목표,2406,모가디슈
대한민국,2406,모가디슈
위해,2406,모가디슈
대사관,2406,모가디슈
내전,2406,모가디슈
하루하루,1203,모가디슈
총알,1203,모가디슈
포탄,1203,모가디슈
빗발,1203,모가디슈
가운데,1203,모가디슈
일행,1203,모가디슈
밤,1203,모가디슈
북한,1203,모가디슈
직원,1203,모가디슈
도움,1203,모가디슈
요청,1203,모가디슈
가족,1203,모가디슈
일어난다,1203,모가디슈
곳,1203,모가디슈
통신,1203,모가디슈
일촉즉발,1203,모가디슈
수도,1203,모가디슈
소말리아,1203,모가디슈
시기,1203,모가디슈
동분서주,1203,모가디슈
가입,1203,모가디슈
생존,1203,모가디슈
도시,1203,모가디슈
낯선,1203,모가디슈
탈출,1203,모가디슈
어벤져스,1228,블랙 위도우
타샤,1228,블랙 위도우
과거,1228,블랙 위도우
시작,1228,블랙 위도우
액션,1228,블랙 위도우
도우,1228,블랙 위도우
마주,614,블랙 위도우
목숨,614,블랙 위도우
반격,614,블랙 위도우
스파이,614,블랙 위도우
활약,614,블랙 위도우
동료,614,블랙 위도우
리얼,614,블랙 위도우
폭발,614,블랙 위도우
마스터,614,블랙 위도우
카타르,614,블랙 위도우
시스,614,블랙 위도우
시대,614,블랙 위도우
블록버스터,614,블랙 위도우
위협,614,블랙 위도우
복제,614,블랙 위도우
스크,614,블랙 위도우
빌런,614,블랙 위도우
능력,614,블랙 위도우
상대,614,블랙 위도우
실체,614,블랙 위도우
음모,614,블랙 위도우
레드룸,614,블랙 위도우
연결,614,블랙 위도우
요한슨,614,블랙 위도우
스칼렛,614,블랙 위도우
로마노프,614,블랙 위도우
블랙,614,블랙 위도우
히어로,614,블랙 위도우
만끽,614,블랙 위도우
가장,1554,분노의 질주: 더 얼티메이트
패밀리,1036,분노의 질주: 더 얼티메이트
도미,1036,분노의 질주: 더 얼티메이트
대결,518,분노의 질주: 더 얼티메이트
경계,518,분노의 질주: 더 얼티메이트
국경,518,분노의 질주: 더 얼티메이트
상공,518,분노의 질주: 더 얼티메이트
지상,518,분노의 질주: 더 얼티메이트
계획,518,분노의 질주: 더 얼티메이트
컴백,518,분노의 질주: 더 얼티메이트
반격,518,분노의 질주: 더 얼티메이트
상황,518,분노의 질주: 더 얼티메이트
한순간,518,분노의 질주: 더 얼티메이트
자가,518,분노의 질주: 더 얼티메이트
소환,518,분노의 질주: 더 얼티메이트
위해,518,분노의 질주: 더 얼티메이트
작전,518,분노의 질주: 더 얼티메이트
위험천만,518,분노의 질주: 더 얼티메이트
트릴,518,분노의 질주: 더 얼티메이트
위기,518,분노의 질주: 더 얼티메이트
세계,518,분노의 질주: 더 얼티메이트
연합,518,분노의 질주: 더 얼티메이트
테론,518,분노의 질주: 더 얼티메이트
리즈,518,분노의 질주: 더 얼티메이트
샤를,518,분노의 질주: 더 얼티메이트
사이퍼,518,분노의 질주: 더 얼티메이트
시나,518,분노의 질주: 더 얼티메이트
제이콥,518,분노의 질주: 더 얼티메이트
형제,518,분노의 질주: 더 얼티메이트
디젤,518,분노의 질주: 더 얼티메이트
빈,518,분노의 질주: 더 얼티메이트
시작,518,분노의 질주: 더 얼티메이트
동원,2208,싱크홀
집들이,1104,싱크홀
빌라,1104,싱크홀
만수,1104,싱크홀
대리,552,싱크홀
잠시,552,싱크홀
순식간,552,싱크홀
전체,552,싱크홀
투닥거리,552,싱크홀
주민,552,싱크홀
인턴,552,싱크홀
이광수,552,싱크홀
동료,552,싱크홀
사원,552,싱크홀
은주,552,싱크홀
김혜준,552,싱크홀
지하,552,싱크홀
싱크홀,552,싱크홀
초대,552,싱크홀
기념,552,싱크홀
직장,552,싱크홀
취득,552,싱크홀
자가,552,싱크홀
사사건건,552,싱크홀
차승원,552,싱크홀
참견,552,싱크홀
프로,552,싱크홀
첫날,552,싱크홀
이사,552,싱크홀
김성균,552,싱크홀
가장,552,싱크홀
마련,552,싱크홀
입성,552,싱크홀
서울,552,싱크홀
과연,552,싱크홀
살대,1923,극장판 귀멸의 칼날: 무한열차편
열차,1923,극장판 귀멸의 칼날: 무한열차편
렌고쿠,1923,극장판 귀멸의 칼날: 무한열차편
무한,1923,극장판 귀멸의 칼날: 무한열차편
탄지,1282,극장판 귀멸의 칼날: 무한열차편
위해,1282,극장판 귀멸의 칼날: 무한열차편
최강,1282,극장판 귀멸의 칼날: 무한열차편
검사,1282,극장판 귀멸의 칼날: 무한열차편
염주,1282,극장판 귀멸의 칼날: 무한열차편
목숨,1282,극장판 귀멸의 칼날: 무한열차편
직감,641,극장판 귀멸의 칼날: 무한열차편
흔적,641,극장판 귀멸의 칼날: 무한열차편
식인,641,극장판 귀멸의 칼날: 무한열차편
귀의,641,극장판 귀멸의 칼날: 무한열차편
존재,641,극장판 귀멸의 칼날: 무한열차편
혈귀,641,극장판 귀멸의 칼날: 무한열차편
일행,641,극장판 귀멸의 칼날: 무한열차편
어둠,641,극장판 귀멸의 칼날: 무한열차편
예측,641,극장판 귀멸의 칼날: 무한열차편
능력,641,극장판 귀멸의 칼날: 무한열차편
합류,641,극장판 귀멸의 칼날: 무한열차편
혈전,641,극장판 귀멸의 칼날: 무한열차편
승객,641,극장판 귀멸의 칼날: 무한열차편
이노,641,극장판 귀멸의 칼날: 무한열차편
탑승,641,극장판 귀멸의 칼날: 무한열차편
수행,641,극장판 귀멸의 칼날: 무한열차편
임무,641,극장판 귀멸의 칼날: 무한열차편
스케,641,극장판 귀멸의 칼날: 무한열차편
젠이츠,641,극장판 귀멸의 칼날: 무한열차편
조직,641,극장판 귀멸의 칼날: 무한열차편
비밀,641,극장판 귀멸의 칼날: 무한열차편
단서,641,극장판 귀멸의 칼날: 무한열차편
인간,641,극장판 귀멸의 칼날: 무한열차편
를,641,극장판 귀멸의 칼날: 무한열차편
여동생,641,극장판 귀멸의 칼날: 무한열차편
귀로,641,극장판 귀멸의 칼날: 무한열차편
시작,641,극장판 귀멸의 칼날: 무한열차편
런던,1149,크루엘라
부인,1149,크루엘라
남작,1149,크루엘라
에스텔,766,크루엘라
패션,766,크루엘라
거리,766,크루엘라
천재,766,크루엘라
난,766,크루엘라
한계,383,크루엘라
진심,383,크루엘라
손,383,크루엘라
하루,383,크루엘라
종일,383,크루엘라
바닥,383,크루엘라
청소,383,크루엘라
인내심,383,크루엘라
디자이너,383,크루엘라
패션계,383,크루엘라
쥐,383,크루엘라
브랜드,383,크루엘라
낙하산,383,크루엘라
순간,383,크루엘라
잠시,383,크루엘라
세상,383,크루엘라
이제,383,크루엘라
크루,383,크루엘라
열정,383,크루엘라
도둑질,383,크루엘라
백화점,383,크루엘라
우여곡절,383,크루엘라
처음,383,크루엘라
그게,383,크루엘라
인간,383,크루엘라
비위,383,크루엘라
학교,383,크루엘라
계속,383,크루엘라
수가,383,크루엘라
재스퍼,383,크루엘라
리버티,383,크루엘라
레이스,383,크루엘라
운명,383,크루엘라
감각,383,크루엘라
이용,383,크루엘라
변장,383,크루엘라
놀림,383,크루엘라
꿈,383,크루엘라
라야,383,크루엘라
샹치,1485,샹치와 텐 링즈의 전설
아버지,990,샹치와 텐 링즈의 전설
세상,990,샹치와 텐 링즈의 전설
시대,495,샹치와 텐 링즈의 전설
마블,495,샹치와 텐 링즈의 전설
구원,495,샹치와 텐 링즈의 전설
마주,495,샹치와 텐 링즈의 전설
를,495,샹치와 텐 링즈의 전설
운명,495,샹치와 텐 링즈의 전설
이자,495,샹치와 텐 링즈의 전설
과거,495,샹치와 텐 링즈의 전설
내면,495,샹치와 텐 링즈의 전설
비밀,495,샹치와 텐 링즈의 전설
가족,495,샹치와 텐 링즈의 전설
어머니,495,샹치와 텐 링즈의 전설
직감,495,샹치와 텐 링즈의 전설
누구,495,샹치와 텐 링즈의 전설
습격,495,샹치와 텐 링즈의 전설
이상,495,샹치와 텐 링즈의 전설
목숨,495,샹치와 텐 링즈의 전설
선택,495,샹치와 텐 링즈의 전설
거부,495,샹치와 텐 링즈의 전설
훈련,495,샹치와 텐 링즈의 전설
암살자,495,샹치와 텐 링즈의 전설
밑,495,샹치와 텐 링즈의 전설
웬,495,샹치와 텐 링즈의 전설
지배,495,샹치와 텐 링즈의 전설
어둠,495,샹치와 텐 링즈의 전설
동안,495,샹치와 텐 링즈의 전설
세기,495,샹치와 텐 링즈의 전설
능력,495,샹치와 텐 링즈의 전설
초인,495,샹치와 텐 링즈의 전설
탄생,495,샹치와 텐 링즈의 전설
평소,338,인질
상황,338,인질
액션,338,인질
리얼리티,338,인질
관객,338,인질
시작,338,인질
탈주,338,인질
극한,338,인질
살기,338,인질
납치,338,인질
새벽,338,인질
황정민,338,인질
배우,338,인질
대한민국,338,인질
목격자,338,인질
증거,338,인질
복판,338,인질
서울,338,인질
스릴러,338,인질
보이스피싱,788,보이스
조직,591,보이스
기획,591,보이스
현장,591,보이스
전화,394,보이스
작업,394,보이스
서준,394,보이스
콜센터,394,보이스
책,394,보이스
체계,197,보이스
희망,197,보이스
피해자,197,보이스
스케일,197,보이스
대본,197,보이스
대규모,197,보이스
환전소,197,보이스
섭외,197,보이스
목소리,197,보이스
공포,197,보이스
김무열,197,보이스
주인공,197,보이스
이자,197,보이스
곽프,197,보이스
개인정보,197,보이스
마주,197,보이스
규모,197,보이스
총력전,197,보이스
상상,197,보이스
이상,197,보이스
실체,197,보이스
확보,197,보이스
마침내,197,보이스
잠입,197,보이스
장인,197,보이스
부산,197,보이스
건설,197,보이스
직원,197,보이스
상대로,197,보이스
병원,197,보이스
아파트,197,보이스
중도,197,보이스
당일,197,보이스
목숨,197,보이스
전직,197,보이스
거지,197,보이스
형사,197,보이스
요한,197,보이스
가족,197,보이스
동료,197,보이스
위해,197,보이스
가족,2103,미나리
시작,2103,미나리
미나리,1402,미나리
은,1402,미나리
엄마,1402,미나리
모니카,1402,미나리
할머니,1402,미나리
장난꾸러기,701,미나리
멸치,701,미나리
한약,701,미나리
도착,701,미나리
큰딸,701,미나리
노엘,701,미나리
케이트,701,미나리
과,701,미나리
앨런,701,미나리
막내아들,701,미나리
데이빗,701,미나리
가득,701,미나리
여느,701,미나리
그랜마같,701,미나리
희망,701,미나리
하루하루,701,미나리
뿌리,701,미나리
아주,701,미나리
고춧가루,701,미나리
순자,701,미나리
가방,701,미나리
살기,701,미나리
어디,701,미나리
서든,701,미나리
자라,701,미나리
낯선,701,미나리
미국,701,미나리
아칸소,701,미나리
한국,701,미나리
뭔가,701,미나리
아빠,701,미나리
제이콥,701,미나리
스티븐,701,미나리
농장,701,미나리
한예리,701,미나리
일자리,701,미나리
아이,701,미나리
위해,701,미나리
윤여정,701,미나리
여정,701,미나리
전화,1269,발신제한
폭탄,1269,발신제한
의문,1269,발신제한
성규,846,발신제한
발신,846,발신제한
경찰,846,발신제한
추격,846,발신제한
졸지,423,발신제한
동료,423,발신제한
방식,423,발신제한
폭파,423,발신제한
바로,423,발신제한
목격,423,발신제한
테러,423,발신제한
부산,423,발신제한
도심,423,발신제한
보이스피싱,423,발신제한
용의자,423,발신제한
절체절명,423,발신제한
순간,423,발신제한
회사,423,발신제한
목소리,423,발신제한
경고,423,발신제한
자리,423,발신제한
설치,423,발신제한
너머,423,발신제한
전화기,423,발신제한
제한,423,발신제한
표시,423,발신제한
번호,423,발신제한
출근길,423,발신제한
출발,423,발신제한
아이,423,발신제한
조우진,423,발신제한
센터,423,발신제한
은행,423,발신제한
상황,423,발신제한
인간,630,고질라 VS. 콩
곳,630,고질라 VS. 콩
지구,630,고질라 VS. 콩
존재,630,고질라 VS. 콩
마침내,315,고질라 VS. 콩
아이,315,고질라 VS. 콩
지아,315,고질라 VS. 콩
타이탄,315,고질라 VS. 콩
고향,315,고질라 VS. 콩
일지,315,고질라 VS. 콩
여정,315,고질라 VS. 콩
분노,315,고질라 VS. 콩
고질라,315,고질라 VS. 콩
공격,315,고질라 VS. 콩
장대,315,고질라 VS. 콩
전설,315,고질라 VS. 콩
대감,315,고질라 VS. 콩
대결,315,고질라 VS. 콩
대재앙,315,고질라 VS. 콩
서막,315,고질라 VS. 콩
세상,315,고질라 VS. 콩
운명,315,고질라 VS. 콩
가장,315,고질라 VS. 콩
신화,315,고질라 VS. 콩
스펙,315,고질라 VS. 콩
격돌,315,고질라 VS. 콩
형성,315,고질라 VS. 콩
보호자,315,고질라 VS. 콩
유,315,고질라 VS. 콩
비밀,315,고질라 VS. 콩
거대,315,고질라 VS. 콩
몬스터,315,고질라 VS. 콩
습격,315,고질라 VS. 콩
콩,315,고질라 VS. 콩
스컬,315,고질라 VS. 콩
아일랜드,315,고질라 VS. 콩
보호관찰,315,고질라 VS. 콩
한편,315,고질라 VS. 콩
고질,315,고질라 VS. 콩
회사,315,고질라 VS. 콩
판단,315,고질라 VS. 콩
에이펙,315,고질라 VS. 콩
쑥대밭,315,고질라 VS. 콩
위기,315,고질라 VS. 콩
상황,315,고질라 VS. 콩
지구인,315,고질라 VS. 콩
할로우,315,고질라 VS. 콩
어스,315,고질라 VS. 콩
에너지,315,고질라 VS. 콩
인류,315,고질라 VS. 콩
기차역,1092,기적
준경,819,기적
마을,819,기적
편지,546,기적
장학퀴즈,273,기적
자칭,273,기적
뮤즈,273,기적
임윤아,273,기적
설득,273,기적
쓰기,273,기적
맞춤법,273,기적
수업,273,기적
유명,273,기적
테스트,273,기적
통학,273,기적
대통령,273,기적
수학,273,기적
대회,273,기적
응시,273,기적
노력,273,기적
계속,273,기적
포기,273,기적
기차,273,기적
단번,273,기적
고집,273,기적
왕복,273,기적
이수경,273,기적
찻길,273,기적
정작,273,기적
오늘,273,기적
부로,273,기적
청와대,273,기적
박정민,273,기적
목표,273,기적
바로,273,기적
원칙,273,기적
주의,273,기적
기관사,273,기적
아버지,273,기적
태윤,273,기적
이성민,273,기적
반대,273,기적
누나,273,기적
보경,273,기적
그날,273,기적
사건,831,미션 파서블
공조,554,미션 파서블
다희,554,미션 파서블
목록,277,미션 파서블
수배,277,미션 파서블
여기저기,277,미션 파서블
단서,277,미션 파서블
오해,277,미션 파서블
형사,277,미션 파서블
요청,277,미션 파서블
거듭,277,미션 파서블
작전,277,미션 파서블
둘일,277,미션 파서블
혼자,277,미션 파서블
짓,277,미션 파서블
태클,277,미션 파서블
티격태격,277,미션 파서블
갈수록,277,미션 파서블
해결,277,미션 파서블
무기,277,미션 파서블
만원,277,미션 파서블
현금,277,미션 파서블
요원,277,미션 파서블
비밀,277,미션 파서블
충만,277,미션 파서블
열정,277,미션 파서블
날,277,미션 파서블
사장,277,미션 파서블
흥신소,277,미션 파서블
입금,277,미션 파서블
우린,277,미션 파서블
위해,277,미션 파서블
국가,277,미션 파서블
기도,277,미션 파서블
무조건,217,더 수어사이드 스쿼드
성공,217,더 수어사이드 스쿼드
최강,217,더 수어사이드 스쿼드
우주,217,더 수어사이드 스쿼드
빌런,217,더 수어사이드 스쿼드
맞선,217,더 수어사이드 스쿼드
자살,217,더 수어사이드 스쿼드
특공대,217,더 수어사이드 스쿼드
대책,217,더 수어사이드 스쿼드
작전,217,더 수어사이드 스쿼드
플레이,217,더 수어사이드 스쿼드
최악,217,더 수어사이드 스쿼드
안티히어로,217,더 수어사이드 스쿼드
최고,217,더 수어사이드 스쿼드
팀워크,217,더 수어사이드 스쿼드
편지,852,비와 당신의 이야기
영호,639,비와 당신의 이야기
기다림,426,비와 당신의 이야기
소희,426,비와 당신의 이야기
언니,426,비와 당신의 이야기
시작,426,비와 당신의 이야기
대신,213,비와 당신의 이야기
소연,213,비와 당신의 이야기
도착,213,비와 당신의 이야기
규칙,213,비와 당신의 이야기
질문,213,비와 당신의 이야기
간다,213,비와 당신의 이야기
답장,213,비와 당신의 이야기
운영,213,비와 당신의 이야기
무채색,213,비와 당신의 이야기
일상,213,비와 당신의 이야기
가능성,213,비와 당신의 이야기
천우희,213,비와 당신의 이야기
무작정,213,비와 당신의 이야기
책방,213,비와 당신의 이야기
엄마,213,비와 당신의 이야기
친구,213,비와 당신의 이야기
기억,213,비와 당신의 이야기
간직,213,비와 당신의 이야기
강하늘,213,비와 당신의 이야기
생활,213,비와 당신의 이야기
삼수,213,비와 당신의 이야기
목표,213,비와 당신의 이야기
이야기,213,비와 당신의 이야기
이건,213,비와 당신의 이야기
제안,213,비와 당신의 이야기
서복,2656,서복
기헌,1992,서복
마지막,1328,서복
임무,1328,서복
구원,664,서복
세상,664,서복
처음,664,서복
모든,664,서복
생애,664,서복
마무리,664,서복
곳,664,서복
사사건건,664,서복
한편,664,서복
인류,664,서복
재앙,664,서복
이자,664,서복
시작,664,서복
수도,664,서복
차지,664,서복
위해,664,서복
나선,664,서복
여러,664,서복
집단,664,서복
추적,664,서복
점점,664,서복
피,664,서복
실험실,664,서복
둘,664,서복
동행,664,서복
제안,664,서복
과거,664,서복
트라우마,664,서복
사건,664,서복
외부,664,서복
단절,664,서복
전직,664,서복
요원,664,서복
정보,664,서복
거절,664,서복
줄기세포,664,서복
가까스로,664,서복
복제,664,서복
유전자,664,서복
조작,664,서복
통해,664,서복
실험,664,서복
이동,664,서복
수행,664,서복
동시,664,서복
공격,664,서복
정약전,3228,자산어보
지식,1614,자산어보
공부,1614,자산어보
창,1614,자산어보
서로,1076,자산어보
출세,1076,자산어보
거래,1076,자산어보
바다,1076,자산어보
세상,1076,자산어보
죄인,1076,자산어보
이자,538,자산어보
어려움,538,자산어보
제안,538,자산어보
척,538,자산어보
티격태격,538,자산어보
점차,538,자산어보
스승,538,자산어보
크게,538,자산어보
간다,538,자산어보
위해,538,자산어보
매진,538,자산어보
물고기,538,자산어보
역시,538,자산어보
길이,538,자산어보
곁,538,자산어보
혼자,538,자산어보
어부,538,자산어보
거절,538,자산어보
호기심,538,자산어보
양반,538,자산어보
대역,538,자산어보
순조,538,자산어보
신유박해,538,자산어보
흑산도,538,자산어보
유배,538,자산어보
생물,538,자산어보
단칼,538,자산어보
매료,538,자산어보
쓰기,538,자산어보
훤히,538,자산어보
청년,538,자산어보
도움,538,자산어보
도울,538,자산어보
결심,538,자산어보
수진,2500,내일의 기억
지훈,1875,내일의 기억
남편,1250,내일의 기억
사진,1250,내일의 기억
만난,625,내일의 기억
위협,625,내일의 기억
설상가상,625,내일의 기억
자리,625,내일의 기억
발견,625,내일의 기억
때마침,625,내일의 기억
걱정,625,내일의 기억
동료,625,내일의 기억
직장,625,내일의 기억
혼란,625,내일의 기억
길,625,내일의 기억
시작,625,내일의 기억
미래,625,내일의 기억
이웃,625,내일의 기억
후,625,내일의 기억
세심,625,내일의 기억
기억,625,내일의 기억
사고,625,내일의 기억
환영,625,내일의 기억
바다,138,루카
모험,138,루카
비밀,138,루카
여름,138,루카
세상,138,루카
파스타,69,루카
변신,69,루카
친구,69,루카
줄리아,69,루카
젤라또,69,루카
스쿠터,69,루카
실컷,69,루카
감행,69,루카
여행,69,루카
과연,69,루카
언제,69,루카
괴물,69,루카
전문가,69,루카
알베르토,69,루카
인간,69,루카
자칭,69,루카
루카,69,루카
소년,69,루카
호기심,69,루카
기도,69,루카
마을,69,루카
해변,69,루카
리비에라,69,루카
이탈리아,69,루카
시작,69,루카
드래곤,448,라야와 마지막 드래곤
전설,336,라야와 마지막 드래곤
인간,224,라야와 마지막 드래곤
드룬,224,라야와 마지막 드래곤
위해,224,라야와 마지막 드래곤
세상,224,라야와 마지막 드래곤
라야,224,라야와 마지막 드래곤
희생,112,라야와 마지막 드래곤
모험,112,라야와 마지막 드래곤
마지막,112,라야와 마지막 드래곤
쿠만드라,112,라야와 마지막 드래곤
분열,112,라야와 마지막 드래곤
전사,112,라야와 마지막 드래곤
공포,112,라야와 마지막 드래곤
부활,112,라야와 마지막 드래곤
후,112,라야와 마지막 드래곤
악의,112,라야와 마지막 드래곤
스스로,112,라야와 마지막 드래곤
닥치,112,라야와 마지막 드래곤
세력,112,라야와 마지막 드래곤
생명,112,라야와 마지막 드래곤
모든,112,라야와 마지막 드래곤
왕국,112,라야와 마지막 드래곤
쿠만드,112,라야와 마지막 드래곤
신비,112,라야와 마지막 드래곤
공존,112,라야와 마지막 드래곤
여정,112,라야와 마지막 드래곤
소련,162,더 스파이
대령,162,더 스파이
기밀,162,더 스파이
그레빌,162,더 스파이
가장,162,더 스파이
레크,162,더 스파이
은밀,81,더 스파이
고용,81,더 스파이
잠입,81,더 스파이
정체,81,더 스파이
런던,81,더 스파이
모스크바,81,더 스파이
과,81,더 스파이
계속,81,더 스파이
관계,81,더 스파이
사업가,81,더 스파이
의심,81,더 스파이
첩보,81,더 스파이
실화,81,더 스파이
때론,81,더 스파이
용기,81,더 스파이
스파이,81,더 스파이
입수,81,더 스파이
영국,81,더 스파이
위해,81,더 스파이
문서,81,더 스파이
협력,81,더 스파이
고자,81,더 스파이
전하,81,더 스파이
중대,81,더 스파이
위기,81,더 스파이
핵전쟁,81,더 스파이
피해,81,더 스파이
정부,81,더 스파이
정보,81,더 스파이
군사,81,더 스파이
냉전시대,81,더 스파이
전운,81,더 스파이
세상,81,더 스파이
프리,318,프리 가이
시티,318,프리 가이
배경,212,프리 가이
캐릭터,212,프리 가이
파괴,212,프리 가이
상상,106,프리 가이
혼란,106,프리 가이
위해,106,프리 가이
이상,106,프리 가이
히어로,106,프리 가이
결심,106,프리 가이
터테,106,프리 가이
초월,106,프리 가이
세상,106,프리 가이
이닝,106,프리 가이
액션,106,프리 가이
블록버스터,106,프리 가이
인생,106,프리 가이
반란,106,프리 가이
경고,106,프리 가이
비디오,106,프리 가이
게임,106,프리 가이
만난,106,프리 가이
노력,106,프리 가이
갖은,106,프리 가이
한눈,106,프리 가이
버라이어티,106,프리 가이
강도,106,프리 가이
전과,106,프리 가이
총격,106,프리 가이
때론,106,프리 가이
일상,106,프리 가이
커피,106,프리 가이
절친,106,프리 가이
직장,106,프리 가이
시작,106,프리 가이
아마존,206,정글 크루즈
고대,206,정글 크루즈
전설,206,정글 크루즈
릴리,206,정글 크루즈
나무,206,정글 크루즈
모험,206,정글 크루즈
위험,206,정글 크루즈
프랭크,206,정글 크루즈
열대우림,103,정글 크루즈
여정,103,정글 크루즈
제안,103,정글 크루즈
순탄,103,정글 크루즈
시작,103,정글 크루즈
달라,103,정글 크루즈
온갖,103,정글 크루즈
비밀,103,정글 크루즈
역경,103,정글 크루즈
초자연적,103,정글 크루즈
마주,103,정글 크루즈
미래,103,정글 크루즈
더욱더,103,정글 크루즈
인류,103,정글 크루즈
운명,103,정글 크루즈
위태,103,정글 크루즈
치유,103,정글 크루즈
박사,103,정글 크루즈
의학,103,정글 크루즈
블런트,103,정글 크루즈
미지,103,정글 크루즈
세계,103,정글 크루즈
관광객,103,정글 크루즈
최고,103,정글 크루즈
스릴,103,정글 크루즈
선사,103,정글 크루즈
재치,103,정글 크루즈
크루즈,103,정글 크루즈
선장,103,정글 크루즈
드웨,103,정글 크루즈
존슨,103,정글 크루즈
영국,103,정글 크루즈
식물,103,정글 크루즈
탐험가,103,정글 크루즈
에밀리,103,정글 크루즈
저주,103,정글 크루즈
아들,423,캐시트럭
분노,423,캐시트럭
캐시,282,캐시트럭
트럭,282,캐시트럭
범인,282,캐시트럭
급부,141,캐시트럭
실력,141,캐시트럭
자랑,141,캐시트럭
단숨,141,캐시트럭
에이스,141,캐시트럭
점점,141,캐시트럭
처리,141,캐시트럭
백발백중,141,캐시트럭
자비,141,캐시트럭
가득,141,캐시트럭
응징,141,캐시트럭
사격,141,캐시트럭
위장,141,캐시트럭
임무,141,캐시트럭
취업,141,캐시트럭
회사,141,캐시트럭
호송,141,캐시트럭
현금,141,캐시트럭
위해,141,캐시트럭
찾기,141,캐시트럭
단서,141,캐시트럭
스타,141,캐시트럭
제이슨,141,캐시트럭
강도,141,캐시트럭
무장,141,캐시트럭
폭발,141,캐시트럭
위험천만,46,명탐정 코난: 비색의 탄환
시속,46,명탐정 코난: 비색의 탄환
진공,46,명탐정 코난: 비색의 탄환
초전도,46,명탐정 코난: 비색의 탄환
연쇄,46,명탐정 코난: 비색의 탄환
납치,46,명탐정 코난: 비색의 탄환
사건,46,명탐정 코난: 비색의 탄환
카이,46,명탐정 코난: 비색의 탄환
슈이치,23,명탐정 코난: 비색의 탄환
코난,23,명탐정 코난: 비색의 탄환
미국,23,명탐정 코난: 비색의 탄환
보스턴,23,명탐정 코난: 비색의 탄환
발생,23,명탐정 코난: 비색의 탄환
관련,23,명탐정 코난: 비색의 탄환
리니,23,명탐정 코난: 비색의 탄환
절대로,23,명탐정 코난: 비색의 탄환
가족,23,명탐정 코난: 비색의 탄환
질주,23,명탐정 코난: 비색의 탄환
후원,23,명탐정 코난: 비색의 탄환
범인,23,명탐정 코난: 비색의 탄환
목숨,23,명탐정 코난: 비색의 탄환
마지막,23,명탐정 코난: 비색의 탄환
대표,23,명탐정 코난: 비색의 탄환
발표,23,명탐정 코난: 비색의 탄환
공식,23,명탐정 코난: 비색의 탄환
가운데,23,명탐정 코난: 비색의 탄환
주목,23,명탐정 코난: 비색의 탄환
개통,23,명탐정 코난: 비색의 탄환
어의,23,명탐정 코난: 비색의 탄환
자랑,23,명탐정 코난: 비색의 탄환
기념,23,명탐정 코난: 비색의 탄환
일본,23,명탐정 코난: 비색의 탄환
개최,23,명탐정 코난: 비색의 탄환
축제,23,명탐정 코난: 비색의 탄환
세계,23,명탐정 코난: 비색의 탄환
운명,23,명탐정 코난: 비색의 탄환
집결,23,명탐정 코난: 비색의 탄환
일가,23,명탐정 코난: 비색의 탄환
결판,23,명탐정 코난: 비색의 탄환
패밀리,144,크루즈 패밀리: 뉴 에이지
베터,72,크루즈 패밀리: 뉴 에이지
가족,72,크루즈 패밀리: 뉴 에이지
크루즈,72,크루즈 패밀리: 뉴 에이지
만난,36,크루즈 패밀리: 뉴 에이지
방식,36,크루즈 패밀리: 뉴 에이지
사사건건,36,크루즈 패밀리: 뉴 에이지
반면,36,크루즈 패밀리: 뉴 에이지
처음,36,크루즈 패밀리: 뉴 에이지
친구,36,크루즈 패밀리: 뉴 에이지
이프,36,크루즈 패밀리: 뉴 에이지
자연,36,크루즈 패밀리: 뉴 에이지
은,36,크루즈 패밀리: 뉴 에이지
달리,36,크루즈 패밀리: 뉴 에이지
우정,36,크루즈 패밀리: 뉴 에이지
점점,36,크루즈 패밀리: 뉴 에이지
상치,36,크루즈 패밀리: 뉴 에이지
본능,36,크루즈 패밀리: 뉴 에이지
맨손,36,크루즈 패밀리: 뉴 에이지
사냥,36,크루즈 패밀리: 뉴 에이지
지능,36,크루즈 패밀리: 뉴 에이지
사용,36,크루즈 패밀리: 뉴 에이지
도구,36,크루즈 패밀리: 뉴 에이지
마주,36,크루즈 패밀리: 뉴 에이지
인류,36,크루즈 패밀리: 뉴 에이지
진화,36,크루즈 패밀리: 뉴 에이지
하우스,36,크루즈 패밀리: 뉴 에이지
트리,36,크루즈 패밀리: 뉴 에이지
우여곡절,36,크루즈 패밀리: 뉴 에이지
나선,36,크루즈 패밀리: 뉴 에이지
거주지,36,크루즈 패밀리: 뉴 에이지
동굴,36,크루즈 패밀리: 뉴 에이지
위협,36,크루즈 패밀리: 뉴 에이지
게임,252,이스케이프 룸 2: 노 웨이 아웃
뉴욕,126,이스케이프 룸 2: 노 웨이 아웃
시작,126,이스케이프 룸 2: 노 웨이 아웃
탈출,126,이스케이프 룸 2: 노 웨이 아웃
전류,63,이스케이프 룸 2: 노 웨이 아웃
분리,63,이스케이프 룸 2: 노 웨이 아웃
열차,63,이스케이프 룸 2: 노 웨이 아웃
초,63,이스케이프 룸 2: 노 웨이 아웃
고압,63,이스케이프 룸 2: 노 웨이 아웃
목숨,63,이스케이프 룸 2: 노 웨이 아웃
생존자,63,이스케이프 룸 2: 노 웨이 아웃
지하철,63,이스케이프 룸 2: 노 웨이 아웃
직감,63,이스케이프 룸 2: 노 웨이 아웃
배경,63,이스케이프 룸 2: 노 웨이 아웃
극한,63,이스케이프 룸 2: 노 웨이 아웃
상황,63,이스케이프 룸 2: 노 웨이 아웃
순간,63,이스케이프 룸 2: 노 웨이 아웃
불명,63,이스케이프 룸 2: 노 웨이 아웃
남자에게,63,이스케이프 룸 2: 노 웨이 아웃
정체,63,이스케이프 룸 2: 노 웨이 아웃
도착,63,이스케이프 룸 2: 노 웨이 아웃
위해,63,이스케이프 룸 2: 노 웨이 아웃
실체,63,이스케이프 룸 2: 노 웨이 아웃
미노스,63,이스케이프 룸 2: 노 웨이 아웃
조직,63,이스케이프 룸 2: 노 웨이 아웃
의문,63,이스케이프 룸 2: 노 웨이 아웃
설계,63,이스케이프 룸 2: 노 웨이 아웃
조이,63,이스케이프 룸 2: 노 웨이 아웃
가까스로,63,이스케이프 룸 2: 노 웨이 아웃
출구,63,이스케이프 룸 2: 노 웨이 아웃
사투,63,이스케이프 룸 2: 노 웨이 아웃
아이,64,"극장판 포켓몬스터: 정글의 아이, 코코"
자부,48,"극장판 포켓몬스터: 정글의 아이, 코코"
코코,48,"극장판 포켓몬스터: 정글의 아이, 코코"
인간,48,"극장판 포켓몬스터: 정글의 아이, 코코"
포켓몬,32,"극장판 포켓몬스터: 정글의 아이, 코코"
법도,32,"극장판 포켓몬스터: 정글의 아이, 코코"
무리,32,"극장판 포켓몬스터: 정글의 아이, 코코"
자루,32,"극장판 포켓몬스터: 정글의 아이, 코코"
한편,16,"극장판 포켓몬스터: 정글의 아이, 코코"
지우,16,"극장판 포켓몬스터: 정글의 아이, 코코"
피카츄,16,"극장판 포켓몬스터: 정글의 아이, 코코"
세계,16,"극장판 포켓몬스터: 정글의 아이, 코코"
정글,16,"극장판 포켓몬스터: 정글의 아이, 코코"
치유,16,"극장판 포켓몬스터: 정글의 아이, 코코"
시작,16,"극장판 포켓몬스터: 정글의 아이, 코코"
그로,16,"극장판 포켓몬스터: 정글의 아이, 코코"
친구,16,"극장판 포켓몬스터: 정글의 아이, 코코"
소년,16,"극장판 포켓몬스터: 정글의 아이, 코코"
이름,16,"극장판 포켓몬스터: 정글의 아이, 코코"
결심,16,"극장판 포켓몬스터: 정글의 아이, 코코"
살기,16,"극장판 포켓몬스터: 정글의 아이, 코코"
둘이서,16,"극장판 포켓몬스터: 정글의 아이, 코코"
외면,16,"극장판 포켓몬스터: 정글의 아이, 코코"
차마,16,"극장판 포켓몬스터: 정글의 아이, 코코"
발견,16,"극장판 포켓몬스터: 정글의 아이, 코코"
강가,16,"극장판 포켓몬스터: 정글의 아이, 코코"
낙원,16,"극장판 포켓몬스터: 정글의 아이, 코코"
멀리,16,"극장판 포켓몬스터: 정글의 아이, 코코"
마을,16,"극장판 포켓몬스터: 정글의 아이, 코코"
숲,16,"극장판 포켓몬스터: 정글의 아이, 코코"
살인,1105,방법: 재차의
경찰,663,방법: 재차의
재차,663,방법: 재차의
임진희,442,방법: 재차의
인터뷰,442,방법: 재차의
생방송,442,방법: 재차의
예고,442,방법: 재차의
기자,442,방법: 재차의
용의자,442,방법: 재차의
사건,442,방법: 재차의
시체,442,방법: 재차의
총력,221,방법: 재차의
곳,221,방법: 재차의
범인,221,방법: 재차의
번의,221,방법: 재차의
수의,221,방법: 재차의
군단,221,방법: 재차의
무차별,221,방법: 재차의
습격,221,방법: 재차의
시작,221,방법: 재차의
과연,221,방법: 재차의
방어,221,방법: 재차의
나선,221,방법: 재차의
당국,221,방법: 재차의
속수무책,221,방법: 재차의
주목,221,방법: 재차의
조종,221,방법: 재차의
배후,221,방법: 재차의
누구,221,방법: 재차의
낼,221,방법: 재차의
당일,221,방법: 재차의
진행,221,방법: 재차의
일제,221,방법: 재차의
온라인,221,방법: 재차의
현장,221,방법: 재차의
피해자,221,방법: 재차의
사체,221,방법: 재차의
발견,221,방법: 재차의
시신,221,방법: 재차의
개월,221,방법: 재차의
사망,221,방법: 재차의
혼란,221,방법: 재차의
한편,221,방법: 재차의
미스터리,221,방법: 재차의
추적,221,방법: 재차의
라디오,221,방법: 재차의
출연,221,방법: 재차의
바로,221,방법: 재차의
진범,221,방법: 재차의
전화,221,방법: 재차의
결혼,351,새해전야
보호,234,새해전야
이혼,234,새해전야
아르헨티나,234,새해전야
예비,234,새해전야
신변,234,새해전야
야오,117,새해전야
염혜,117,새해전야
시누이,117,새해전야
동생,117,새해전야
국제,117,새해전야
남동생,117,새해전야
링,117,새해전야
발령,117,새해전야
신부,117,새해전야
대륙,117,새해전야
편견,117,새해전야
지사,117,새해전야
한국,117,새해전야
이동휘,117,새해전야
세상,117,새해전야
패럴림픽,117,새해전야
연인,117,새해전야
대표,117,새해전야
국가대표,117,새해전야
래환,117,새해전야
유태,117,새해전야
사랑,117,새해전야
장애,117,새해전야
긍정,117,새해전야
원예사,117,새해전야
오월,117,새해전야
최수영,117,새해전야
새해,117,새해전야
일주일,117,새해전야
커플,117,새해전야
이야기,117,새해전야
용찬,117,새해전야
사기,117,새해전야
여행사,117,새해전야
효영,117,새해전야
강력반,117,새해전야
좌천,117,새해전야
업무,117,새해전야
자,117,새해전야
추,117,새해전야
형사,117,새해전야
지호,117,새해전야
김강우,117,새해전야
소송,117,새해전야
낙서,95,극장판 짱구는 못말려: 격돌! 낙서왕국과 얼추 네 명의 용사들
크레용,57,극장판 짱구는 못말려: 격돌! 낙서왕국과 얼추 네 명의 용사들
짱구,57,극장판 짱구는 못말려: 격돌! 낙서왕국과 얼추 네 명의 용사들
왕국,38,극장판 짱구는 못말려: 격돌! 낙서왕국과 얼추 네 명의 용사들
위해,38,극장판 짱구는 못말려: 격돌! 낙서왕국과 얼추 네 명의 용사들
그림,38,극장판 짱구는 못말려: 격돌! 낙서왕국과 얼추 네 명의 용사들
미라클,38,극장판 짱구는 못말려: 격돌! 낙서왕국과 얼추 네 명의 용사들
쓰윽,38,극장판 짱구는 못말려: 격돌! 낙서왕국과 얼추 네 명의 용사들
사가,19,극장판 짱구는 못말려: 격돌! 낙서왕국과 얼추 네 명의 용사들
브리프,19,극장판 짱구는 못말려: 격돌! 낙서왕국과 얼추 네 명의 용사들
가짜,19,극장판 짱구는 못말려: 격돌! 낙서왕국과 얼추 네 명의 용사들
이슬,19,극장판 짱구는 못말려: 격돌! 낙서왕국과 얼추 네 명의 용사들
누나,19,극장판 짱구는 못말려: 격돌! 낙서왕국과 얼추 네 명의 용사들
위험,19,극장판 짱구는 못말려: 격돌! 낙서왕국과 얼추 네 명의 용사들
스케치북,19,극장판 짱구는 못말려: 격돌! 낙서왕국과 얼추 네 명의 용사들
과연,19,극장판 짱구는 못말려: 격돌! 낙서왕국과 얼추 네 명의 용사들
불어,19,극장판 짱구는 못말려: 격돌! 낙서왕국과 얼추 네 명의 용사들
떡잎,19,극장판 짱구는 못말려: 격돌! 낙서왕국과 얼추 네 명의 용사들
마을,19,극장판 짱구는 못말려: 격돌! 낙서왕국과 얼추 네 명의 용사들
리자,19,극장판 짱구는 못말려: 격돌! 낙서왕국과 얼추 네 명의 용사들
지상,19,극장판 짱구는 못말려: 격돌! 낙서왕국과 얼추 네 명의 용사들
생명,19,극장판 짱구는 못말려: 격돌! 낙서왕국과 얼추 네 명의 용사들
선택,19,극장판 짱구는 못말려: 격돌! 낙서왕국과 얼추 네 명의 용사들
용사,19,극장판 짱구는 못말려: 격돌! 낙서왕국과 얼추 네 명의 용사들
작전,19,극장판 짱구는 못말려: 격돌! 낙서왕국과 얼추 네 명의 용사들
시작,19,극장판 짱구는 못말려: 격돌! 낙서왕국과 얼추 네 명의 용사들
침공,19,극장판 짱구는 못말려: 격돌! 낙서왕국과 얼추 네 명의 용사들
지구,19,극장판 짱구는 못말려: 격돌! 낙서왕국과 얼추 네 명의 용사들
에너지,19,극장판 짱구는 못말려: 격돌! 낙서왕국과 얼추 네 명의 용사들
위기,19,극장판 짱구는 못말려: 격돌! 낙서왕국과 얼추 네 명의 용사들
붕괴,19,극장판 짱구는 못말려: 격돌! 낙서왕국과 얼추 네 명의 용사들
아이,19,극장판 짱구는 못말려: 격돌! 낙서왕국과 얼추 네 명의 용사들
세계,19,극장판 짱구는 못말려: 격돌! 낙서왕국과 얼추 네 명의 용사들
다이애나,1388,원더 우먼 1984
우먼,1388,원더 우먼 1984
원더,1388,원더 우먼 1984
거부,694,원더 우먼 1984
적도,694,원더 우먼 1984
희망이,694,원더 우먼 1984
오직,694,원더 우먼 1984
세상,694,원더 우먼 1984
위태,694,원더 우먼 1984
인류,694,원더 우먼 1984
위협,694,원더 우먼 1984
과잉,694,원더 우먼 1984
로움,694,원더 우먼 1984
풍요,694,원더 우먼 1984
스티브,694,원더 우먼 1984
트레버,694,원더 우먼 1984
거짓말,694,원더 우먼 1984
위기,694,원더 우먼 1984
단지,694,원더 우먼 1984
사이,694,원더 우먼 1984
인간,694,원더 우먼 1984
로서,694,원더 우먼 1984
고고학자,694,원더 우먼 1984
프린스,694,원더 우먼 1984
시대,694,원더 우먼 1984
모든,694,원더 우먼 1984
피하,694,원더 우먼 1984
월드,255,카오스 워킹
세상,170,카오스 워킹
의문,170,카오스 워킹
탈출,170,카오스 워킹
모든,170,카오스 워킹
미켈슨,85,카오스 워킹
계획,85,카오스 워킹
통치,85,카오스 워킹
데이비드,85,카오스 워킹
매즈,85,카오스 워킹
직감,85,카오스 워킹
위험,85,카오스 워킹
혼돈,85,카오스 워킹
추격,85,카오스 워킹
위해,85,카오스 워킹
수단,85,카오스 워킹
동원,85,카오스 워킹
비밀,85,카오스 워킹
리들리,85,카오스 워킹
마주,85,카오스 워킹
데이지,85,카오스 워킹
바이,85,카오스 워킹
유입,85,카오스 워킹
불시,85,카오스 워킹
곳,85,카오스 워킹
홀랜드,85,카오스 워킹
토드,85,카오스 워킹
감염,85,카오스 워킹
노이즈,85,카오스 워킹
노출,85,카오스 워킹
실시간,85,카오스 워킹
반드시,85,카오스 워킹
도유,482,파이프라인
시작,482,파이프라인
서로,241,파이프라인
과장,241,파이프라인
괴력,241,파이프라인
인간,241,파이프라인
굴착기,241,파이프라인
모든,241,파이프라인
감시,241,파이프라인
카운터,241,파이프라인
목적,241,파이프라인
계획,241,파이프라인
상치,241,파이프라인
방향,241,파이프라인
인생,241,파이프라인
역전,241,파이프라인
여섯,241,파이프라인
명의,241,파이프라인
도유꾼,241,파이프라인
막장,241,파이프라인
장기판,241,파이프라인
접새,241,파이프라인
용접,241,파이프라인
프로,241,파이프라인
대면,241,파이프라인
대박,241,파이프라인
트리,241,파이프라인
업계,241,파이프라인
최고,241,파이프라인
기술자,241,파이프라인
돌이,241,파이프라인
기름,241,파이프라인
위해,241,파이프라인
대기업,241,파이프라인
후계,241,파이프라인
건우,241,파이프라인
거부,241,파이프라인
제안,241,파이프라인
위험천만,241,파이프라인
작전,241,파이프라인
합류,241,파이프라인
플레이,241,파이프라인
제리,104,톰과 제리
호텔,104,톰과 제리
카일,104,톰과 제리
결혼식,104,톰과 제리
위해,52,톰과 제리
커리어,52,톰과 제리
소동,52,톰과 제리
역대,52,톰과 제리
사고뭉치,52,톰과 제리
고용,52,톰과 제리
고양이,52,톰과 제리
이벤트,52,톰과 제리
잡기,52,톰과 제리
이사,52,톰과 제리
고급,52,톰과 제리
뉴욕,52,톰과 제리
성대,52,톰과 제리
생쥐,52,톰과 제리
위험,52,톰과 제리
가정,374,노바디
과거,187,노바디
분노,187,노바디
참고,187,노바디
그동안,187,노바디
비난,187,노바디
선택,187,노바디
가족,187,노바디
위험,187,노바디
반항,187,노바디
번의,187,노바디
강도,187,노바디
집안,187,노바디
소원,187,노바디
관계도,187,노바디
아내,187,노바디
무시,187,노바디
아들,187,노바디
최선,187,노바디
나름,187,노바디
일과,187,노바디
분리수거,187,노바디
출근,187,노바디
매일,187,노바디
가장,187,노바디
일상,187,노바디
남,187,노바디
폭발,187,노바디
시작,144,스파이럴
경찰서,72,스파이럴
배달,72,스파이럴
의문,72,스파이럴
소포,72,스파이럴
경찰,72,스파이럴
연쇄살인,72,스파이럴
살인,72,스파이럴
단서,72,스파이럴
사건,72,스파이럴
해결,72,스파이럴
음악,622,더 박스
단,311,더 박스
오직,311,더 박스
브로,311,더 박스
계약,311,더 박스
여행,311,더 박스
과연,311,더 박스
약속,311,더 박스
번의,311,더 박스
무대,311,더 박스
아침,107,올드
아이,107,올드
오후,107,올드
어른,107,올드
저녁,107,올드
노인,107,올드
죽음,107,올드
경미,1012,미드나이트
살인마,759,미드나이트
연쇄,506,미드나이트
도식,506,미드나이트
타겟,506,미드나이트
한밤중,253,미드나이트
추격,253,미드나이트
음소거,253,미드나이트
강의,253,미드나이트
격전,253,미드나이트
복판,253,미드나이트
서울,253,미드나이트
의지,253,미드나이트
위협,253,미드나이트
얼굴,253,미드나이트
목격,253,미드나이트
소정,253,미드나이트
피,253,미드나이트
귀가,253,미드나이트
청각장애,253,미드나이트
스릴러,253,미드나이트
몬스터,684,몬스터 헌터
세계,342,몬스터 헌터
이상,171,몬스터 헌터
방법,171,몬스터 헌터
인류,171,몬스터 헌터
마주,171,몬스터 헌터
토니,171,몬스터 헌터
헌터,171,몬스터 헌터
생존자,171,몬스터 헌터
습격,171,몬스터 헌터
눈앞,171,몬스터 헌터
거대,171,몬스터 헌터
현상,171,몬스터 헌터
실종,171,몬스터 헌터
위해,171,몬스터 헌터
찾기,171,몬스터 헌터
팀원,171,몬스터 헌터
행방불명,171,몬스터 헌터
비치,171,몬스터 헌터
대위,171,몬스터 헌터
아르테미스,171,몬스터 헌터
전부,171,몬스터 헌터
보안,171,몬스터 헌터
합동,171,몬스터 헌터
반드시,171,몬스터 헌터
기억,198,여고괴담 여섯번째 이야기 : 모교
김서형,198,여고괴담 여섯번째 이야기 : 모교
학교,198,여고괴담 여섯번째 이야기 : 모교
화장실,198,여고괴담 여섯번째 이야기 : 모교
은희,198,여고괴담 여섯번째 이야기 : 모교
존재,99,여고괴담 여섯번째 이야기 : 모교
폐쇄된,99,여고괴담 여섯번째 이야기 : 모교
귀신,99,여고괴담 여섯번째 이야기 : 모교
곳,99,여고괴담 여섯번째 이야기 : 모교
아픔,99,여고괴담 여섯번째 이야기 : 모교
죽음,99,여고괴담 여섯번째 이야기 : 모교
연관,99,여고괴담 여섯번째 이야기 : 모교
김현수,99,여고괴담 여섯번째 이야기 : 모교
공포,99,여고괴담 여섯번째 이야기 : 모교
마주,99,여고괴담 여섯번째 이야기 : 모교
충격,99,여고괴담 여섯번째 이야기 : 모교
홀리,99,여고괴담 여섯번째 이야기 : 모교
불구,99,여고괴담 여섯번째 이야기 : 모교
제아,99,여고괴담 여섯번째 이야기 : 모교
자임,99,여고괴담 여섯번째 이야기 : 모교
피해,99,여고괴담 여섯번째 이야기 : 모교
시작,99,여고괴담 여섯번째 이야기 : 모교
달리기,99,여고괴담 여섯번째 이야기 : 모교
환청,99,여고괴담 여섯번째 이야기 : 모교
환영,99,여고괴담 여섯번째 이야기 : 모교
부임,99,여고괴담 여섯번째 이야기 : 모교
교감,99,여고괴담 여섯번째 이야기 : 모교
모교,99,여고괴담 여섯번째 이야기 : 모교
고교시절,99,여고괴담 여섯번째 이야기 : 모교
진실,99,여고괴담 여섯번째 이야기 : 모교
영혼,1416,소울
지구,1416,소울
멘토,1062,소울
조,708,소울
세상,708,소울
통행,708,소울
무대,708,소울
사고,354,소울
수녀,354,소울
테레사,354,소울
간디,354,소울
링컨,354,소울
발급,354,소울
발견,354,소울
관심사,354,소울
탄생,354,소울
클럽,354,소울
날,354,소울
연주,354,소울
재즈,354,소울
밴드,354,소울
최고,354,소울
선생님,354,소울
음악,354,소울
뉴욕,354,소울
포기,354,소울
베이비,516,보스 베이비 2
주식회사,172,보스 베이비 2
보스,172,보스 베이비 2
테드,172,보스 베이비 2
티나,172,보스 베이비 2
레전드,86,보스 베이비 2
인생,86,보스 베이비 2
만렙,86,보스 베이비 2
조카,86,보스 베이비 2
소속,86,보스 베이비 2
임원,86,보스 베이비 2
지시,86,보스 베이비 2
팀,86,보스 베이비 2
세상,86,보스 베이비 2
미션,86,보스 베이비 2
완수,86,보스 베이비 2
가장,427,007 노 타임 투 다이
운명,427,007 노 타임 투 다이
마주,427,007 노 타임 투 다이
제임스,427,007 노 타임 투 다이
본드,427,007 노 타임 투 다이
마지막,427,007 노 타임 투 다이
미션,427,007 노 타임 투 다이
시작,427,007 노 타임 투 다이
아이,480,콰이어트 플레이스 2
위험,480,콰이어트 플레이스 2
가족,240,콰이어트 플레이스 2
바깥,240,콰이어트 플레이스 2
고요함,240,콰이어트 플레이스 2
텅,240,콰이어트 플레이스 2
은신,240,콰이어트 플레이스 2
위해,240,콰이어트 플레이스 2
에블린,240,콰이어트 플레이스 2
엄마,240,콰이어트 플레이스 2
사투,240,콰이어트 플레이스 2
포함,240,콰이어트 플레이스 2
막내,240,콰이어트 플레이스 2
노출,240,콰이어트 플레이스 2
이후,240,콰이어트 플레이스 2
희생,240,콰이어트 플레이스 2
아빠,240,콰이어트 플레이스 2
선택,240,콰이어트 플레이스 2
죽음,240,콰이어트 플레이스 2
대신,240,콰이어트 플레이스 2
세상,240,콰이어트 플레이스 2
모든,240,콰이어트 플레이스 2
일상,240,콰이어트 플레이스 2
공격,240,콰이어트 플레이스 2
괴생명체,240,콰이어트 플레이스 2
실체,240,콰이어트 플레이스 2
사리,240,콰이어트 플레이스 2
무당,1800,랑종
위해,1200,랑종
가문,1200,랑종
달,600,랑종
림,600,랑종
갈수록,600,랑종
이상,600,랑종
증세,600,랑종
점점,600,랑종
취재,600,랑종
동행,600,랑종
촬영,600,랑종
순간,600,랑종
관,600,랑종
직감,600,랑종
과,600,랑종
가족,600,랑종
미스터리,600,랑종
현상,600,랑종
카메라,600,랑종
시작,600,랑종
포착,600,랑종
상치,600,랑종
상태,600,랑종
산,600,랑종
태국,600,랑종
동부,600,랑종
이산,600,랑종
지역,600,랑종
낯선,600,랑종
시골,600,랑종
마을,600,랑종
나무,600,랑종
조카,600,랑종
논밭,600,랑종
곳,600,랑종
모든,600,랑종
혼,600,랑종
상신,600,랑종
바얀,600,랑종
종,600,랑종
기록,600,랑종
사건,536,컨저링 3: 악마가 시켰다
악마,402,컨저링 3: 악마가 시켰다
살인,268,컨저링 3: 악마가 시켰다
초자연,134,컨저링 3: 악마가 시켰다
범인,134,컨저링 3: 악마가 시켰다
거짓,134,컨저링 3: 악마가 시켰다
진실,134,컨저링 3: 악마가 시켰다
실화,134,컨저링 3: 악마가 시켰다
미스터리,134,컨저링 3: 악마가 시켰다
파일,134,컨저링 3: 악마가 시켰다
부부,134,컨저링 3: 악마가 시켰다
워렌,134,컨저링 3: 악마가 시켰다
연구,134,컨저링 3: 악마가 시켰다
현상,134,컨저링 3: 악마가 시켰다
빙의,134,컨저링 3: 악마가 시켰다
소년,134,컨저링 3: 악마가 시켰다
배후,134,컨저링 3: 악마가 시켰다
일어난다,134,컨저링 3: 악마가 시켰다
사태,134,컨저링 3: 악마가 시켰다
초유,134,컨저링 3: 악마가 시켰다
주장,134,컨저링 3: 악마가 시켰다
살해,134,컨저링 3: 악마가 시켰다
용의자,134,컨저링 3: 악마가 시켰다
최초,134,컨저링 3: 악마가 시켰다
역사상,134,컨저링 3: 악마가 시켰다
미국,134,컨저링 3: 악마가 시켰다
인간,134,컨저링 3: 악마가 시켰다
친구,1089,토이 스토리 4
포키,726,토이 스토리 4
우디,726,토이 스토리 4
세상,726,토이 스토리 4
장난감,363,토이 스토리 4
운명,363,토이 스토리 4
거부,363,토이 스토리 4
찾기,363,토이 스토리 4
위해,363,토이 스토리 4
나선,363,토이 스토리 4
통해,363,토이 스토리 4
한편,363,토이 스토리 4
버즈,363,토이 스토리 4
위험천만,363,토이 스토리 4
모험,363,토이 스토리 4
세상,603,주먹왕 랄프 2: 인터넷 속으로
바넬,603,주먹왕 랄프 2: 인터넷 속으로
랄프,603,주먹왕 랄프 2: 인터넷 속으로
사고,402,주먹왕 랄프 2: 인터넷 속으로
게임,402,주먹왕 랄프 2: 인터넷 속으로
인터넷,402,주먹왕 랄프 2: 인터넷 속으로
지금껏,201,주먹왕 랄프 2: 인터넷 속으로
스릴,201,주먹왕 랄프 2: 인터넷 속으로
만점,201,주먹왕 랄프 2: 인터넷 속으로
슬로,201,주먹왕 랄프 2: 인터넷 속으로
레이스,201,주먹왕 랄프 2: 인터넷 속으로
참여,201,주먹왕 랄프 2: 인터넷 속으로
재미,201,주먹왕 랄프 2: 인터넷 속으로
경험,201,주먹왕 랄프 2: 인터넷 속으로
스케일,201,주먹왕 랄프 2: 인터넷 속으로
극한,201,주먹왕 랄프 2: 인터넷 속으로
흠뻑,201,주먹왕 랄프 2: 인터넷 속으로
랜섬,201,주먹왕 랄프 2: 인터넷 속으로
웨어,201,주먹왕 랄프 2: 인터넷 속으로
혼란,201,주먹왕 랄프 2: 인터넷 속으로
트랙,201,주먹왕 랄프 2: 인터넷 속으로
동영상,201,주먹왕 랄프 2: 인터넷 속으로
핵인,201,주먹왕 랄프 2: 인터넷 속으로
순식간,201,주먹왕 랄프 2: 인터넷 속으로
얼떨결,201,주먹왕 랄프 2: 인터넷 속으로
접속,201,주먹왕 랄프 2: 인터넷 속으로
타고,201,주먹왕 랄프 2: 인터넷 속으로
와이파이,201,주먹왕 랄프 2: 인터넷 속으로
위해,201,주먹왕 랄프 2: 인터넷 속으로
부품,201,주먹왕 랄프 2: 인터넷 속으로
오락,201,주먹왕 랄프 2: 인터넷 속으로
위기,201,주먹왕 랄프 2: 인터넷 속으로
주먹,201,주먹왕 랄프 2: 인터넷 속으로
절친,201,주먹왕 랄프 2: 인터넷 속으로
놨던,201,주먹왕 랄프 2: 인터넷 속으로
각종,201,주먹왕 랄프 2: 인터넷 속으로
과연,201,주먹왕 랄프 2: 인터넷 속으로
드래곤,1055,드래곤 길들이기 3
버크,422,드래곤 길들이기 3
평화,422,드래곤 길들이기 3
투슬리스,422,드래곤 길들이기 3
월드,211,드래곤 길들이기 3
위협,211,드래곤 길들이기 3
안전,211,드래곤 길들이기 3
등장,211,드래곤 길들이기 3
헌터,211,드래곤 길들이기 3
최악,211,드래곤 길들이기 3
역대,211,드래곤 길들이기 3
잠시,211,드래곤 길들이기 3
발견,211,드래곤 길들이기 3
파라다이스,211,드래곤 길들이기 3
히든,211,드래곤 길들이기 3
누구,211,드래곤 길들이기 3
를,211,드래곤 길들이기 3
퓨어,211,드래곤 길들이기 3
라이트,211,드래곤 길들이기 3
공존,211,드래곤 길들이기 3
사람과,211,드래곤 길들이기 3
활약,211,드래곤 길들이기 3
친구,211,드래곤 길들이기 3
시작,211,드래곤 길들이기 3
인간,622,말레피센트 2
요정,622,말레피센트 2
세계,622,말레피센트 2
그리스,311,말레피센트 2
전쟁,311,말레피센트 2
등장,311,말레피센트 2
코널,311,말레피센트 2
리더,311,말레피센트 2
페이,311,말레피센트 2
다크,311,말레피센트 2
종족,311,말레피센트 2
연합,311,말레피센트 2
대립,311,말레피센트 2
왕비,311,말레피센트 2
결혼,311,말레피센트 2
약속,311,말레피센트 2
왕자,311,말레피센트 2
필립,311,말레피센트 2
오로라,311,말레피센트 2
온,311,말레피센트 2
말레피센트,311,말레피센트 2
수호,311,말레피센트 2
어스,311,말레피센트 2
이자,311,말레피센트 2
지배자,311,말레피센트 2
어둠,311,말레피센트 2
말리,311,말레피센트 2
게임,1275,쥬만지: 넥스트 레벨
스펜서,765,쥬만지: 넥스트 레벨
쥬만지,510,쥬만지: 넥스트 레벨
위해,510,쥬만지: 넥스트 레벨
마일로,255,쥬만지: 넥스트 레벨
미션,255,쥬만지: 넥스트 레벨
목숨,255,쥬만지: 넥스트 레벨
세계,255,쥬만지: 넥스트 레벨
현실,255,쥬만지: 넥스트 레벨
예측,255,쥬만지: 넥스트 레벨
진화,255,쥬만지: 넥스트 레벨
한층,255,쥬만지: 넥스트 레벨
사막,255,쥬만지: 넥스트 레벨
설산,255,쥬만지: 넥스트 레벨
정글,255,쥬만지: 넥스트 레벨
위험천만,255,쥬만지: 넥스트 레벨
할아버지,255,쥬만지: 넥스트 레벨
에디,255,쥬만지: 넥스트 레벨
멤버,255,쥬만지: 넥스트 레벨
합류,255,쥬만지: 넥스트 레벨
결심,255,쥬만지: 넥스트 레벨
찾기,255,쥬만지: 넥스트 레벨
역시,255,쥬만지: 넥스트 레벨
프리,255,쥬만지: 넥스트 레벨
마사,255,쥬만지: 넥스트 레벨
친구,255,쥬만지: 넥스트 레벨
일상,255,쥬만지: 넥스트 레벨
탈출,255,쥬만지: 넥스트 레벨
가까스로,255,쥬만지: 넥스트 레벨
시작,255,쥬만지: 넥스트 레벨
중앙,861,남산의 부장들
부장,861,남산의 부장들
정보,861,남산의 부장들
김규,574,남산의 부장들
대통령,574,남산의 부장들
충성,574,남산의 부장들
세력,574,남산의 부장들
곽상,287,남산의 부장들
파란,287,남산의 부장들
위해,287,남산의 부장들
경호실,287,남산의 부장들
반대,287,남산의 부장들
이희준,287,남산의 부장들
주변,287,남산의 부장들
실체,287,남산의 부장들
시작,287,남산의 부장들
날,287,남산의 부장들
고발,287,남산의 부장들
통해,287,남산의 부장들
정권,287,남산의 부장들
세계,287,남산의 부장들
청문회,287,남산의 부장들
곽도원,287,남산의 부장들
박용,287,남산의 부장들
미국,287,남산의 부장들
사건,287,남산의 부장들
암살,287,남산의 부장들
대한민국,287,남산의 부장들
이병헌,287,남산의 부장들
총성,287,남산의 부장들
태국,861,다만 악에서 구하소서
인남,861,다만 악에서 구하소서
암살자,574,다만 악에서 구하소서
시작,574,다만 악에서 구하소서
레이,574,다만 악에서 구하소서
추격,574,다만 악에서 구하소서
형제,287,다만 악에서 구하소서
박정민,287,다만 악에서 구하소서
사건,287,다만 악에서 구하소서
한편,287,다만 악에서 구하소서
복수,287,다만 악에서 구하소서
암살,287,다만 악에서 구하소서
이정재,287,다만 악에서 구하소서
조력자,287,다만 악에서 구하소서
계획,287,다만 악에서 구하소서
위해,287,다만 악에서 구하소서
유이,287,다만 악에서 구하소서
것임,287,다만 악에서 구하소서
곧바로,287,다만 악에서 구하소서
인,287,다만 악에서 구하소서
관계,287,다만 악에서 구하소서
황정민,287,다만 악에서 구하소서
미션,287,다만 악에서 구하소서
살인,287,다만 악에서 구하소서
청부,287,다만 악에서 구하소서
마지막,287,다만 악에서 구하소서
발생,287,다만 악에서 구하소서
납치사건,287,다만 악에서 구하소서
충격,287,다만 악에서 구하소서
추격자,287,다만 악에서 구하소서
반도,903,반도
문의,602,반도
재난,602,반도
폐허,602,반도
가까스로,602,반도
탈출,602,반도
정석,602,반도
대미,602,반도
도움,301,반도
일행,301,반도
습격,301,반도
절체절명,301,반도
순간,301,반도
민정,301,반도
이정현,301,반도
가족,301,반도
마지막,301,반도
위기,301,반도
모면,301,반도
좀비,301,반도
기회,301,반도
잡기,301,반도
자,301,반도
필사,301,반도
사투,301,반도
무리,301,반도
부대,301,반도
대규모,301,반도
제안,301,반도
후,301,반도
나라,301,반도
전체,301,반도
강동원,301,반도
바깥,301,반도
세상,301,반도
고립,301,반도
제한,301,반도
더욱,301,반도
지정,301,반도
트럭,301,반도
확보,301,반도
미션,301,반도
수행,301,반도
인간성,301,반도
전보,301,반도
시작,301,반도
웹툰,867,히트맨
국정원,578,히트맨
전설,578,히트맨
암살,578,히트맨
요원,578,히트맨
작가,578,히트맨
그로,289,히트맨
상치,289,히트맨
하루아침,289,히트맨
대박,289,히트맨
더블,289,히트맨
은,289,히트맨
테러리스트,289,히트맨
리지,289,히트맨
타깃,289,히트맨
히트,289,히트맨
기밀,289,히트맨
역대,289,히트맨
술김,289,히트맨
악플,289,히트맨
작품,289,히트맨
연재,289,히트맨
현실,289,히트맨
출신,289,히트맨
방패연,289,히트맨
프로젝트,289,히트맨
비밀,289,히트맨
탈출,289,히트맨
본능,289,히트맨
버전,606,테넷
토르,606,테넷
미래,606,테넷
로버트,303,테넷
차,303,테넷
공격,303,테넷
협력,303,테넷
과,303,테넷
데비,303,테넷
엘리자베스,303,테넷
아내,303,테넷
복수심,303,테넷
사이,303,테넷
감정,303,테넷
미술품,303,테넷
패틴슨,303,테넷
워싱턴,303,테넷
정보,303,테넷
데이비드,303,테넷
주도,303,테넷
작전,303,테넷
투입,303,테넷
위해,303,테넷
브래너,303,테넷
네스,303,테넷
파괴,303,테넷
세상,303,테넷
현재,303,테넷
통해,303,테넷
흐름,303,테넷
세계대전,303,테넷
폭발,1184,백두산
작전,1184,백두산
백두산,888,백두산
재난,888,백두산
인창,888,백두산
위해,592,백두산
투입,592,백두산
북한,592,백두산
비밀,296,백두산
자원,296,백두산
일급,296,백두산
소속,296,백두산
무력,296,백두산
하정우,296,백두산
운명,296,백두산
남,296,백두산
이병헌,296,백두산
조인,296,백두산
리준,296,백두산
행동,296,백두산
접선,296,백두산
준평,296,백두산
특전사,296,백두산
한편,296,백두산
서울,296,백두산
홀로,296,백두산
최지영,296,백두산
배수지,296,백두산
분투,296,백두산
사이,296,백두산
마지막,296,백두산
대위,296,백두산
마동석,296,백두산
전역,296,백두산
계획,296,백두산
대한민국,296,백두산
관측,296,백두산
역사상,296,백두산
최대,296,백두산
규모,296,백두산
발생,296,백두산
한반도,296,백두산
순식간,296,백두산
아비규환,296,백두산
북,296,백두산
추가,296,백두산
예측,296,백두산
사상,296,백두산
초유,296,백두산
유경,296,백두산
준우,810,#살아있다
고립,540,#살아있다
순간,270,#살아있다
연락,270,#살아있다
두절,270,#살아있다
가족,270,#살아있다
최소한,270,#살아있다
식량,270,#살아있다
바닥,270,#살아있다
이상,270,#살아있다
건너편,270,#살아있다
아파트,270,#살아있다
누군가,270,#살아있다
시그널,270,#살아있다
생존자,270,#살아있다
유빈,270,#살아있다
박신혜,270,#살아있다
음,270,#살아있다
상황,270,#살아있다
채,270,#살아있다
모든,270,#살아있다
전화,270,#살아있다
원인,270,#살아있다
불명,270,#살아있다
증세,270,#살아있다
공격,270,#살아있다
통제,270,#살아있다
불능,270,#살아있다
도시,270,#살아있다
영문,270,#살아있다
잠,270,#살아있다
유아인,270,#살아있다
아무,270,#살아있다
혼자,270,#살아있다
데이터,270,#살아있다
와이파이,270,#살아있다
문자,270,#살아있다
방법,270,#살아있다
북미,1196,강철비2: 정상회담
북한,897,강철비2: 정상회담
대통령,598,강철비2: 정상회담
지도자,598,강철비2: 정상회담
정상회담,598,강철비2: 정상회담
핵잠수함,598,강철비2: 정상회담
발생,299,강철비2: 정상회담
체제,299,강철비2: 정상회담
수립,299,강철비2: 정상회담
반발,299,강철비2: 정상회담
호위,299,강철비2: 정상회담
국장,299,강철비2: 정상회담
곽도원,299,강철비2: 정상회담
쿠데타,299,강철비2: 정상회담
정상,299,강철비2: 정상회담
납치,299,강철비2: 정상회담
포기,299,강철비2: 정상회담
인질,299,강철비2: 정상회담
함장,299,강철비2: 정상회담
동북아시아,299,강철비2: 정상회담
운명,299,강철비2: 정상회담
과연,299,강철비2: 정상회담
전쟁,299,강철비2: 정상회담
평화,299,강철비2: 정상회담
이견,299,강철비2: 정상회담
핵무기,299,강철비2: 정상회담
가운데,299,강철비2: 정상회담
평화협정,299,강철비2: 정상회담
체결,299,강철비2: 정상회담
대한민국,299,강철비2: 정상회담
정우성,299,강철비2: 정상회담
최고,299,강철비2: 정상회담
위원장,299,강철비2: 정상회담
유연석,299,강철비2: 정상회담
미국,299,강철비2: 정상회담
앵거스,299,강철비2: 정상회담
페이,299,강철비2: 정상회담
간의,299,강철비2: 정상회담
원산,299,강철비2: 정상회담
린다,299,강철비2: 정상회담
사이,299,강철비2: 정상회담
좀처럼,299,강철비2: 정상회담
위기,299,강철비2: 정상회담
담보,1615,담보
종배,1292,담보
두석,1292,담보
승,646,담보
아이,646,담보
인생,646,담보
사정,323,담보
존재,323,담보
서로,323,담보
세,323,담보
아저씨,323,담보
예고,323,담보
곳,323,담보
줄,323,담보
부잣집,323,담보
입양,323,담보
무슨,323,담보
엄마,323,담보
뜻,323,담보
박소,323,담보
얼떨결,323,담보
김희원,323,담보
성동일,323,담보
업자,323,담보
사채,323,담보
인천,323,담보
보물,323,담보
동물,514,닥터 두리틀
두리틀,514,닥터 두리틀
세상,514,닥터 두리틀
친구,514,닥터 두리틀
능력,514,닥터 두리틀
왕국,257,닥터 두리틀
위험천만,257,닥터 두리틀
신비,257,닥터 두리틀
누구,257,닥터 두리틀
반드시,257,닥터 두리틀
음,257,닥터 두리틀
해결,257,닥터 두리틀
모든,257,닥터 두리틀
위험,257,닥터 두리틀
여왕,257,닥터 두리틀
생기,257,닥터 두리틀
불치,257,닥터 두리틀
단절,257,닥터 두리틀
사랑,257,닥터 두리틀
주니어,257,닥터 두리틀
다우니,257,닥터 두리틀
로버트,257,닥터 두리틀
닥터,257,닥터 두리틀
소통,257,닥터 두리틀
모험,257,닥터 두리틀
달인,963,삼진그룹 영어토익반
회사,642,삼진그룹 영어토익반
친구,642,삼진그룹 영어토익반
수학,642,삼진그룹 영어토익반
희망,321,삼진그룹 영어토익반
유출,321,삼진그룹 영어토익반
폐수,321,삼진그룹 영어토익반
공장,321,삼진그룹 영어토익반
심부름,321,삼진그룹 영어토익반
내부고발,321,삼진그룹 영어토익반
박혜수,321,삼진그룹 영어토익반
대리,321,삼진그룹 영어토익반
자영,321,삼진그룹 영어토익반
심보람,321,삼진그룹 영어토익반
회계,321,삼진그룹 영어토익반
영수증,321,삼진그룹 영어토익반
목격,321,삼진그룹 영어토익반
유나,321,삼진그룹 영어토익반
실체,321,삼진그룹 영어토익반
보람,321,삼진그룹 영어토익반
무엇,321,삼진그룹 영어토익반
결정,321,삼진그룹 영어토익반
증거,321,삼진그룹 영어토익반
싸움,321,삼진그룹 영어토익반
해고,321,삼진그룹 영어토익반
위험,321,삼진그룹 영어토익반
무릅쓰,321,삼진그룹 영어토익반
분투,321,삼진그룹 영어토익반
시작,321,삼진그룹 영어토익반
아이,321,삼진그룹 영어토익반
캔,321,삼진그룹 영어토익반
가짜,321,삼진그룹 영어토익반
우승,321,삼진그룹 영어토익반
출신,321,삼진그룹 영어토익반
올림피아드,321,삼진그룹 영어토익반
입사,321,삼진그룹 영어토익반
동기,321,삼진그룹 영어토익반
말단,321,삼진그룹 영어토익반
여직원,321,삼진그룹 영어토익반
삼진,321,삼진그룹 영어토익반
그룹,321,삼진그룹 영어토익반
영어,321,삼진그룹 영어토익반
토익,321,삼진그룹 영어토익반
실무,321,삼진그룹 영어토익반
능력,321,삼진그룹 영어토익반
퍼펙트,321,삼진그룹 영어토익반
현실,321,삼진그룹 영어토익반
커피,321,삼진그룹 영어토익반
생산,321,삼진그룹 영어토익반
관리,321,삼진그룹 영어토익반
거짓말,807,정직한 후보
웃음,538,정직한 후보
제일,269,정직한 후보
국회의원,269,정직한 후보
상숙,269,정직한 후보
청천벽력,269,정직한 후보
하루아침,269,정직한 후보
진실,269,정직한 후보
주둥이,269,정직한 후보
최고,269,정직한 후보
무기,269,정직한 후보
인생,269,정직한 후보
송두리째,269,정직한 후보
뻥,269,정직한 후보
폭격,269,정직한 후보
시작,269,정직한 후보
도굴,1256,도굴
존스,628,도굴
고분,628,도굴
벽화,628,도굴
삽질,628,도굴
강동구,628,도굴
영사,314,도굴
엘리트,314,도굴
큐레이터,314,도굴
실장,314,도굴
신혜선,314,도굴
매력,314,도굴
거래,314,도굴
제안,314,도굴
서울,314,도굴
금동불,314,도굴
고구려,314,도굴
재능,314,도굴
강남,314,도굴
복판,314,도굴
선릉,314,도굴
수록,314,도굴
판이,314,도굴
세계,314,도굴
미술,314,도굴
자랑,314,도굴
한편,314,도굴
위험천만,314,도굴
맛,314,도굴
보물,314,도굴
천재,314,도굴
이제훈,314,도굴
자칭,314,도굴
한국,314,도굴
인디아나,314,도굴
전문가,314,도굴
박사,314,도굴
조우진,314,도굴
전설,314,도굴
달인,314,도굴
다리,314,도굴
임원희,314,도굴
환상,314,도굴
팀,314,도굴
플레이,314,도굴
시작,314,도굴
이나,2412,클로젯
상원,1608,클로젯
벽장,804,클로젯
위해,536,클로젯
시작,536,클로젯
흔적,536,클로젯
경훈,536,클로젯
행방,536,클로젯
김남길,268,클로젯
이상,268,클로젯
증세,268,클로젯
얼마,268,클로젯
의문,268,클로젯
아이,268,클로젯
딸,268,클로젯
곳,268,클로젯
실종,268,클로젯
평온,268,클로젯
이야기,268,클로젯
마음,268,클로젯
잠시,268,클로젯
좀처럼,268,클로젯
웃기,268,클로젯
친구,268,클로젯
회복,268,클로젯
사이,268,클로젯
노력,268,클로젯
간다,268,클로젯
이사,268,클로젯
새집,268,클로젯
관계,268,클로젯
소원,268,클로젯
하정우,268,클로젯
아내,268,클로젯
사고,268,클로젯
손,268,클로젯
여행,870,오케이 마담
비행기,870,오케이 마담
하와이,580,오케이 마담
시작,580,오케이 마담
작전,290,오케이 마담
휴가,290,오케이 마담
승객,290,오케이 마담
인질,290,오케이 마담
내공,290,오케이 마담
비밀,290,오케이 마담
부부,290,오케이 마담
해결사,290,오케이 마담
사건,290,오케이 마담
납치,290,오케이 마담
아수라,290,오케이 마담
테러리스트,290,오케이 마담
요원,290,오케이 마담
과거,290,오케이 마담
난생처음,290,오케이 마담
해외,290,오케이 마담
당첨,290,오케이 마담
외조,290,오케이 마담
전문가,290,오케이 마담
수리,290,오케이 마담
컴퓨터,290,오케이 마담
미영,290,오케이 마담
사장,290,오케이 마담
맛집,290,오케이 마담
꽈배기,290,오케이 마담
기록,290,오케이 마담
완판,290,오케이 마담
쫄깃함,290,오케이 마담
강의,290,오케이 마담
하자,290,오케이 마담
동물원,819,해치지않아
파크,819,해치지않아
동산,819,해치지않아
태수,546,해치지않아
동물,546,해치지않아
북극곰,546,해치지않아
가운데,273,해치지않아
출근,273,해치지않아
인방,273,해치지않아
수행,273,해치지않아
기본,273,해치지않아
어깨,273,해치지않아
근육,273,해치지않아
분투,273,해치지않아
계속,273,해치지않아
망각,273,해치지않아
신분,273,해치지않아
고릴라,273,해치지않아
관람객,273,해치지않아
콜라,273,해치지않아
모금,273,해치지않아
처음,273,해치지않아
녀석,273,해치지않아
과감,273,해치지않아
도전,273,해치지않아
나무늘보,273,해치지않아
제안,273,해치지않아
기린,273,해치지않아
사자,273,해치지않아
생계,273,해치지않아
수습,273,해치지않아
변호사,273,해치지않아
생일,273,해치지않아
기회,273,해치지않아
위기,273,해치지않아
구하라,273,해치지않아
새,273,해치지않아
원장,273,해치지않아
손님,273,해치지않아
위해,273,해치지않아
직원,273,해치지않아
위장,273,해치지않아
근무,273,해치지않아
하자,273,해치지않아
기상,273,해치지않아
외한,273,해치지않아
시작,273,해치지않아
장영실,1004,천문: 하늘에 묻는다
세종,753,천문: 하늘에 묻는다
가마,251,천문: 하늘에 묻는다
하늘,251,천문: 하늘에 묻는다
조선,251,천문: 하늘에 묻는다
자취,251,천문: 하늘에 묻는다
이후,251,천문: 하늘에 묻는다
밖,251,천문: 하늘에 묻는다
하루아침,251,천문: 하늘에 묻는다
문책,251,천문: 하늘에 묻는다
사건,251,천문: 하늘에 묻는다
임금,251,천문: 하늘에 묻는다
업적,251,천문: 하늘에 묻는다
과학자,251,천문: 하늘에 묻는다
천재,251,천문: 하늘에 묻는다
호군,251,천문: 하늘에 묻는다
품,251,천문: 하늘에 묻는다
관노,251,천문: 하늘에 묻는다
가장,251,천문: 하늘에 묻는다
역사상,251,천문: 하늘에 묻는다
이야기,251,천문: 하늘에 묻는다
정인,564,결백
결백,564,결백
위해,564,결백
사건,564,결백
정황,282,결백
허준호,282,결백
중심,282,결백
마을,282,결백
조직,282,결백
은폐,282,결백
거짓,282,결백
진술,282,결백
수상한,282,결백
포착,282,결백
시장,282,결백
그날,282,결백
기억,282,결백
입증,282,결백
모든,282,결백
시작,282,결백
의혹,282,결백
과연,282,결백
진실,282,결백
추인,282,결백
변호,282,결백
추적,282,결백
직접,282,결백
유명,282,결백
로펌,282,결백
에이스,282,결백
변호사,282,결백
신혜선,282,결백
아빠,282,결백
장례식,282,결백
농약,282,결백
막걸리,282,결백
살인,282,결백
치매,282,결백
엄마,282,결백
배종옥,282,결백
용의자,282,결백
지목,282,결백
주장,282,결백
고향,282,결백
무엇,282,결백
영국군,554,1917
레이크,554,1917
복판,277,1917
전쟁,277,1917
컴버,277,1917
배치,277,1917
에린,277,1917
무어,277,1917
장군,277,1917
콜린,277,1917
퍼스,277,1917
공격,277,1917
중지,277,1917
베네딕트,277,1917
전하,277,1917
둘,277,1917
명의,277,1917
아군,277,1917
형,277,1917
리차드,277,1917
위해,277,1917
명령,277,1917
중령,277,1917
매켄지,277,1917
수장,277,1917
차,277,1917
세계대전,277,1917
한창,277,1917
독일군,277,1917
모든,277,1917
통신망,277,1917
파괴,277,1917
상황,277,1917
병사,277,1917
스코필드,277,1917
조지,277,1917
맥케이,277,1917
찰스,277,1917
채프먼,277,1917
미션,277,1917
함정,277,1917
부대,277,1917
사투,277,1917
자매,524,작은 아씨들
각기,524,작은 아씨들
화가,262,작은 아씨들
어른,262,작은 아씨들
간다,262,작은 아씨들
인연,262,작은 아씨들
개성,262,작은 아씨들
샬라메,262,작은 아씨들
티모시,262,작은 아씨들
로리,262,작은 아씨들
소년,262,작은 아씨들
이웃집,262,작은 아씨들
플로렌스,262,작은 아씨들
에이미,262,작은 아씨들
막내,262,작은 아씨들
스캔,262,작은 아씨들
엘리자,262,작은 아씨들
베스,262,작은 아씨들
음악가,262,작은 아씨들
로넌,262,작은 아씨들
시얼샤,262,작은 아씨들
둘째,262,작은 아씨들
작가,262,작은 아씨들
왓슨,262,작은 아씨들
엠마,262,작은 아씨들
메그,262,작은 아씨들
첫째,262,작은 아씨들
배우,262,작은 아씨들
숙제,262,작은 아씨들
진주만,560,미드웨이
일본,560,미드웨이
미국,560,미드웨이
공격,560,미드웨이
세계,560,미드웨이
반격,280,미드웨이
정비,280,미드웨이
가까스로,280,미드웨이
타겟,280,미드웨이
미드,280,미드웨이
웨이,280,미드웨이
절대,280,미드웨이
준비,280,미드웨이
동시,280,미드웨이
상황,280,미드웨이
역사,280,미드웨이
전투,280,미드웨이
이야기,280,미드웨이
전열,280,미드웨이
암호,280,미드웨이
위해,280,미드웨이
해독,280,미드웨이
어디,280,미드웨이
목표,280,미드웨이
다음,280,미드웨이
미군,280,미드웨이
계획,280,미드웨이
본토,280,미드웨이
규모,280,미드웨이
최대,280,미드웨이
역사상,280,미드웨이
야욕,280,미드웨이
이후,280,미드웨이
공습,280,미드웨이
시작,280,미드웨이
택일,1036,시동
반점,518,시동
이형,518,시동
인생,518,시동
세상,518,시동
장품,518,시동
인사,259,시동
포스,259,시동
주방,259,시동
마동석,259,시동
상상,259,시동
최대,259,시동
적수,259,시동
돈,259,시동
일단,259,시동
한번,259,시동
무작정,259,시동
절친,259,시동
정해,259,시동
상필,259,시동
박정민,259,시동
반항,259,시동
스파이크,259,시동
염정아,259,시동
엄마,259,시동
더욱,259,시동
공부,259,시동
집도,259,시동
학교,259,시동
아보,259,시동
가방,1116,지푸라기라도 잡고 싶은 짐승들
생계,558,지푸라기라도 잡고 싶은 짐승들
인생,558,지푸라기라도 잡고 싶은 짐승들
마지막,558,지푸라기라도 잡고 싶은 짐승들
가족,558,지푸라기라도 잡고 싶은 짐승들
불법체류자,279,지푸라기라도 잡고 싶은 짐승들
땐,279,지푸라기라도 잡고 싶은 짐승들
아무,279,지푸라기라도 잡고 싶은 짐승들
믿음,279,지푸라기라도 잡고 싶은 짐승들
고리대금업,279,지푸라기라도 잡고 싶은 짐승들
박사,279,지푸라기라도 잡고 싶은 짐승들
가정,279,지푸라기라도 잡고 싶은 짐승들
미란,279,지푸라기라도 잡고 싶은 짐승들
먼저,279,지푸라기라도 잡고 싶은 짐승들
진태,279,지푸라기라도 잡고 싶은 짐승들
사건,279,지푸라기라도 잡고 싶은 짐승들
영선,279,지푸라기라도 잡고 싶은 짐승들
기억,279,지푸라기라도 잡고 싶은 짐승들
순자,279,지푸라기라도 잡고 싶은 짐승들
절박,279,지푸라기라도 잡고 싶은 짐승들
상황,279,지푸라기라도 잡고 싶은 짐승들
서로,279,지푸라기라도 잡고 싶은 짐승들
발생,279,지푸라기라도 잡고 싶은 짐승들
거액,279,지푸라기라도 잡고 싶은 짐승들
치,279,지푸라기라도 잡고 싶은 짐승들
아르바이트,279,지푸라기라도 잡고 싶은 짐승들
모든,279,지푸라기라도 잡고 싶은 짐승들
돈,279,지푸라기라도 잡고 싶은 짐승들
시작,279,지푸라기라도 잡고 싶은 짐승들
애인,279,지푸라기라도 잡고 싶은 짐승들
사채,279,지푸라기라도 잡고 싶은 짐승들
탕,279,지푸라기라도 잡고 싶은 짐승들
태영,279,지푸라기라도 잡고 싶은 짐승들
어가,279,지푸라기라도 잡고 싶은 짐승들
기회,279,지푸라기라도 잡고 싶은 짐승들
가장,279,지푸라기라도 잡고 싶은 짐승들
중만,279,지푸라기라도 잡고 싶은 짐승들
과거,279,지푸라기라도 잡고 싶은 짐승들
살기,279,지푸라기라도 잡고 싶은 짐승들
위해,279,지푸라기라도 잡고 싶은 짐승들
연희,279,지푸라기라도 잡고 싶은 짐승들
벼랑,279,지푸라기라도 잡고 싶은 짐승들
계획,279,지푸라기라도 잡고 싶은 짐승들
태주,861,미스터 주: 사라진 VIP
시작,574,미스터 주: 사라진 VIP
동물,574,미스터 주: 사라진 VIP
갑자기,287,미스터 주: 사라진 VIP
역대,287,미스터 주: 사라진 VIP
인간,287,미스터 주: 사라진 VIP
찾기,287,미스터 주: 사라진 VIP
복판,287,미스터 주: 사라진 VIP
도심,287,미스터 주: 사라진 VIP
알리,287,미스터 주: 사라진 VIP
군견,287,미스터 주: 사라진 VIP
뒤,287,미스터 주: 사라진 VIP
민국,287,미스터 주: 사라진 VIP
의심,287,미스터 주: 사라진 VIP
행동,287,미스터 주: 사라진 VIP
온갖,287,미스터 주: 사라진 VIP
설상가상,287,미스터 주: 사라진 VIP
사고,287,미스터 주: 사라진 VIP
수행,287,미스터 주: 사라진 VIP
임무,287,미스터 주: 사라진 VIP
경호,287,미스터 주: 사라진 VIP
파견,287,미스터 주: 사라진 VIP
특사,287,미스터 주: 사라진 VIP
요원,287,미스터 주: 사라진 VIP
에이스,287,미스터 주: 사라진 VIP
정보,287,미스터 주: 사라진 VIP
국가,287,미스터 주: 사라진 VIP
플레이,287,미스터 주: 사라진 VIP
모든,276,인비저블맨
통제,276,인비저블맨
소시오패스,276,인비저블맨
세실리아,276,인비저블맨
자살,276,인비저블맨
소식,276,인비저블맨
상속,276,인비저블맨
거액,276,인비저블맨
유산,276,인비저블맨
그날,276,인비저블맨
이후,276,인비저블맨
누구,276,인비저블맨
보이지,276,인비저블맨
존재,276,인비저블맨
시작,276,인비저블맨
마이크,543,나쁜 녀석들 : 포에버
마커스,543,나쁜 녀석들 : 포에버
가족,362,나쁜 녀석들 : 포에버
생일,362,나쁜 녀석들 : 포에버
미션,181,나쁜 녀석들 : 포에버
마지막,181,나쁜 녀석들 : 포에버
루키팀,181,나쁜 녀석들 : 포에버
기술,181,나쁜 녀석들 : 포에버
무기,181,나쁜 녀석들 : 포에버
정체,181,나쁜 녀석들 : 포에버
녀석,181,나쁜 녀석들 : 포에버
합류,181,나쁜 녀석들 : 포에버
위해,181,나쁜 녀석들 : 포에버
위험,181,나쁜 녀석들 : 포에버
위협,181,나쁜 녀석들 : 포에버
조직,181,나쁜 녀석들 : 포에버
거대,181,나쁜 녀석들 : 포에버
신식,181,나쁜 녀석들 : 포에버
은퇴,181,나쁜 녀석들 : 포에버
만류,181,나쁜 녀석들 : 포에버
일선,181,나쁜 녀석들 : 포에버
이제,181,나쁜 녀석들 : 포에버
로렌스,181,나쁜 녀석들 : 포에버
마틴,181,나쁜 녀석들 : 포에버
파트너,181,나쁜 녀석들 : 포에버
성적,181,나쁜 녀석들 : 포에버
소탕,181,나쁜 녀석들 : 포에버
범죄자,181,나쁜 녀석들 : 포에버
스미스,181,나쁜 녀석들 : 포에버
형사,181,나쁜 녀석들 : 포에버
베테,181,나쁜 녀석들 : 포에버
강력반,181,나쁜 녀석들 : 포에버
마이애미,181,나쁜 녀석들 : 포에버
수행,181,나쁜 녀석들 : 포에버
병수,1566,국제수사
형사,1566,국제수사
수사,1566,국제수사
필리핀,1044,국제수사
범죄,1044,국제수사
김상호,522,국제수사
본능,522,국제수사
마음,522,국제수사
달리,522,국제수사
몸,522,국제수사
영어,522,국제수사
재회,522,국제수사
웬수,522,국제수사
죽마고우,522,국제수사
용배,522,국제수사
자꾸,522,국제수사
바람,522,국제수사
만철,522,국제수사
의도,522,국제수사
방향,522,국제수사
구석,522,국제수사
과연,522,국제수사
한국,522,국제수사
코리안,522,국제수사
폴리스,522,국제수사
동네,522,국제수사
국제,522,국제수사
김대,522,국제수사
고향,522,국제수사
후배,522,국제수사
조직,522,국제수사
인생,522,국제수사
해외여행,522,국제수사
경찰서,522,국제수사
강력,522,국제수사
홍병수,522,국제수사
곽도원,522,국제수사
경장,522,국제수사
여행,522,국제수사
잠시,522,국제수사
킬러,522,국제수사
이자,522,국제수사
트릭,522,국제수사
김희원,522,국제수사
셋업,522,국제수사
살인,522,국제수사
용의자,522,국제수사
누명,522,국제수사
위해,522,국제수사
현지,522,국제수사
가족,1428,침입자
곳,952,침입자
캐서린,952,침입자
남성,476,침입자
방법,476,침입자
최후,476,침입자
위해,476,침입자
비밀,476,침입자
충격,476,침입자
농장,476,침입자
시작,476,침입자
고문,476,침입자
납치,476,침입자
게다가,476,침입자
의문,476,침입자
괴담,476,침입자
출몰,476,침입자
소년,476,침입자
타,476,침입자
사건,476,침입자
텐트,476,침입자
갑자기,476,침입자
캠핑,476,침입자
휴가,476,침입자
결심,476,침입자
레이,988,스타워즈: 라이즈 오브 스카이워커
미래,988,스타워즈: 라이즈 오브 스카이워커
운명,988,스타워즈: 라이즈 오브 스카이워커
전쟁,988,스타워즈: 라이즈 오브 스카이워커
카일,988,스타워즈: 라이즈 오브 스카이워커
포,494,스타워즈: 라이즈 오브 스카이워커
영웅,494,스타워즈: 라이즈 오브 스카이워커
선택,494,스타워즈: 라이즈 오브 스카이워커
탄생,494,스타워즈: 라이즈 오브 스카이워커
전설,494,스타워즈: 라이즈 오브 스카이워커
대결,494,스타워즈: 라이즈 오브 스카이워커
피,494,스타워즈: 라이즈 오브 스카이워커
또한,494,스타워즈: 라이즈 오브 스카이워커
마주,494,스타워즈: 라이즈 오브 스카이워커
악의,494,스타워즈: 라이즈 오브 스카이워커
여정,494,스타워즈: 라이즈 오브 스카이워커
이자,494,스타워즈: 라이즈 오브 스카이워커
친구,494,스타워즈: 라이즈 오브 스카이워커
조력자,494,스타워즈: 라이즈 오브 스카이워커
거듭,494,스타워즈: 라이즈 오브 스카이워커
히로인,494,스타워즈: 라이즈 오브 스카이워커
대적,494,스타워즈: 라이즈 오브 스카이워커
지배,494,스타워즈: 라이즈 오브 스카이워커
어둠,494,스타워즈: 라이즈 오브 스카이워커
우주,494,스타워즈: 라이즈 오브 스카이워커
포스,494,스타워즈: 라이즈 오브 스카이워커
더욱,494,스타워즈: 라이즈 오브 스카이워커
누가,494,스타워즈: 라이즈 오브 스카이워커
스파이,408,스파이 지니어스
랜스,408,스파이 지니어스
무기,306,스파이 지니어스
월터,306,스파이 지니어스
세상,306,스파이 지니어스
에이전트,204,스파이 지니어스
리언,204,스파이 지니어스
지니어스,204,스파이 지니어스
시작,204,스파이 지니어스
의문,102,스파이 지니어스
오조오억,102,스파이 지니어스
한순간,102,스파이 지니어스
액체,102,스파이 지니어스
출신,102,스파이 지니어스
중인,102,스파이 지니어스
실험,102,스파이 지니어스
홀랜드,102,스파이 지니어스
혼자,102,스파이 지니어스
비둘기,102,스파이 지니어스
특급,102,스파이 지니어스
합치,102,스파이 지니어스
가슴,102,스파이 지니어스
팀,102,스파이 지니어스
누명,102,스파이 지니어스
미션,102,스파이 지니어스
놈,102,스파이 지니어스
별난,102,스파이 지니어스
새,102,스파이 지니어스
초월,102,스파이 지니어스
극한,102,스파이 지니어스
위해,102,스파이 지니어스
맨델슨,102,스파이 지니어스
린다,102,스파이 지니어스
슈퍼,102,스파이 지니어스
세계,102,스파이 지니어스
위협,102,스파이 지니어스
불법,102,스파이 지니어스
거래,102,스파이 지니어스
첩보,102,스파이 지니어스
입수,102,스파이 지니어스
천상천,102,스파이 지니어스
유아,102,스파이 지니어스
독존,102,스파이 지니어스
스미스,102,스파이 지니어스
빠트,102,스파이 지니어스
파견,102,스파이 지니어스
최첨단,102,스파이 지니어스
장비,102,스파이 지니어스
무장,102,스파이 지니어스
정체,102,스파이 지니어스
아빠,628,온워드: 단 하루의 기적
마법,471,온워드: 단 하루의 기적
성격,314,온워드: 단 하루의 기적
형제,314,온워드: 단 하루의 기적
이안,314,온워드: 단 하루의 기적
발생,314,온워드: 단 하루의 기적
기적,314,온워드: 단 하루의 기적
봉우리,157,온워드: 단 하루의 기적
모습,157,온워드: 단 하루의 기적
찾기,157,온워드: 단 하루의 기적
위해,157,온워드: 단 하루의 기적
모험,157,온워드: 단 하루의 기적
절벽,157,온워드: 단 하루의 기적
까마귀,157,온워드: 단 하루의 기적
통과,157,온워드: 단 하루의 기적
힌트,157,온워드: 단 하루의 기적
관문,157,온워드: 단 하루의 기적
위기,157,온워드: 단 하루의 기적
서로,157,온워드: 단 하루의 기적
사사건건,157,온워드: 단 하루의 기적
위험,157,온워드: 단 하루의 기적
과연,157,온워드: 단 하루의 기적
출발,157,온워드: 단 하루의 기적
하루,157,온워드: 단 하루의 기적
지팡이,157,온워드: 단 하루의 기적
소환,157,온워드: 단 하루의 기적
반쪽,157,온워드: 단 하루의 기적
세상,157,온워드: 단 하루의 기적
취향,157,온워드: 단 하루의 기적
정반대,157,온워드: 단 하루의 기적
동생,157,온워드: 단 하루의 기적
홀랜드,157,온워드: 단 하루의 기적
의욕,157,온워드: 단 하루의 기적
충만,157,온워드: 단 하루의 기적
발리,157,온워드: 단 하루의 기적
크리스,157,온워드: 단 하루의 기적
프랫,157,온워드: 단 하루의 기적
얼굴,157,온워드: 단 하루의 기적
서프라이즈,157,온워드: 단 하루의 기적
생일,157,온워드: 단 하루의 기적
선물,157,온워드: 단 하루의 기적
실수,157,온워드: 단 하루의 기적
당신,157,온워드: 단 하루의 기적
범죄,1036,소리도 없이
시체,1036,소리도 없이
용석,1036,소리도 없이
아이,1036,소리도 없이
조직,1036,소리도 없이
실장,518,소리도 없이
사건,518,소리도 없이
다음,518,소리도 없이
억지로,518,소리도 없이
초희,518,소리도 없이
유괴,518,소리도 없이
부탁,518,소리도 없이
창복,518,소리도 없이
단골,518,소리도 없이
태인,518,소리도 없이
수습,518,소리도 없이
전문,518,소리도 없이
근면,518,소리도 없이
하청,518,소리도 없이
말리,518,소리도 없이
로만,1280,버즈 오브 프레이(할리 퀸의 황홀한 해방)
할리,960,버즈 오브 프레이(할리 퀸의 황홀한 해방)
조커,640,버즈 오브 프레이(할리 퀸의 황홀한 해방)
처음,640,버즈 오브 프레이(할리 퀸의 황홀한 해방)
상태,640,버즈 오브 프레이(할리 퀸의 황홀한 해방)
담시,640,버즈 오브 프레이(할리 퀸의 황홀한 해방)
모든,640,버즈 오브 프레이(할리 퀸의 황홀한 해방)
암호,320,버즈 오브 프레이(할리 퀸의 황홀한 해방)
세계,320,버즈 오브 프레이(할리 퀸의 황홀한 해방)
전체,320,버즈 오브 프레이(할리 퀸의 황홀한 해방)
지배권,320,버즈 오브 프레이(할리 퀸의 황홀한 해방)
차지,320,버즈 오브 프레이(할리 퀸의 황홀한 해방)
열쇠,320,버즈 오브 프레이(할리 퀸의 황홀한 해방)
금융,320,버즈 오브 프레이(할리 퀸의 황홀한 해방)
정보,320,버즈 오브 프레이(할리 퀸의 황홀한 해방)
급변,320,버즈 오브 프레이(할리 퀸의 황홀한 해방)
다이아몬드,320,버즈 오브 프레이(할리 퀸의 황홀한 해방)
사건,320,버즈 오브 프레이(할리 퀸의 황홀한 해방)
권력,320,버즈 오브 프레이(할리 퀸의 황홀한 해방)
죽,320,버즈 오브 프레이(할리 퀸의 황홀한 해방)
위기,320,버즈 오브 프레이(할리 퀸의 황홀한 해방)
트리스,320,버즈 오브 프레이(할리 퀸의 황홀한 해방)
블랙,320,버즈 오브 프레이(할리 퀸의 황홀한 해방)
카나리,320,버즈 오브 프레이(할리 퀸의 황홀한 해방)
몬토야,320,버즈 오브 프레이(할리 퀸의 황홀한 해방)
지하,320,버즈 오브 프레이(할리 퀸의 황홀한 해방)
카산드라,320,버즈 오브 프레이(할리 퀸의 황홀한 해방)
부하,320,버즈 오브 프레이(할리 퀸의 황홀한 해방)
무방비,320,버즈 오브 프레이(할리 퀸의 황홀한 해방)
연인,320,버즈 오브 프레이(할리 퀸의 황홀한 해방)
마고,320,버즈 오브 프레이(할리 퀸의 황홀한 해방)
로비,320,버즈 오브 프레이(할리 퀸의 황홀한 해방)
맞이,320,버즈 오브 프레이(할리 퀸의 황홀한 해방)
해방,320,버즈 오브 프레이(할리 퀸의 황홀한 해방)
방패,320,버즈 오브 프레이(할리 퀸의 황홀한 해방)
평생,320,버즈 오브 프레이(할리 퀸의 황홀한 해방)
가장,320,버즈 오브 프레이(할리 퀸의 황홀한 해방)
소매치기,320,버즈 오브 프레이(할리 퀸의 황홀한 해방)
범죄,320,버즈 오브 프레이(할리 퀸의 황홀한 해방)
니스,320,버즈 오브 프레이(할리 퀸의 황홀한 해방)
이완,320,버즈 오브 프레이(할리 퀸의 황홀한 해방)
맥그리거,320,버즈 오브 프레이(할리 퀸의 황홀한 해방)
고담,320,버즈 오브 프레이(할리 퀸의 황홀한 해방)
통제,320,버즈 오브 프레이(할리 퀸의 황홀한 해방)
불능,320,버즈 오브 프레이(할리 퀸의 황홀한 해방)
결성,320,버즈 오브 프레이(할리 퀸의 황홀한 해방)
엄니,777,오! 문희
뺑소니,518,오! 문희
기억,518,오! 문희
문희,518,오! 문희
직접,518,오! 문희
보미,518,오! 문희
점점,259,오! 문희
상태,259,오! 문희
병원,259,오! 문희
경찰,259,오! 문희
수사,259,오! 문희
진전,259,오! 문희
뜻밖,259,오! 문희
치,259,오! 문희
순간,259,오! 문희
의식,259,오! 문희
단서,259,오! 문희
은,259,오! 문희
두렁,259,오! 문희
시작,259,오! 문희
불명,259,오! 문희
나문희,259,오! 문희
자,259,오! 문희
왈왈,259,오! 문희
목격자,259,오! 문희
현장,259,오! 문희
게다가,259,오! 문희
소식,259,오! 문희
청천벽력,259,오! 문희
사고,259,오! 문희
이희준,259,오! 문희
사랑,259,오! 문희
가족,259,오! 문희
성격,259,오! 문희
마을,259,오! 문희
금산,259,오! 문희
아무,259,오! 문희
지구,987,그린랜드
가족,658,그린랜드
세계,658,그린랜드
추락,658,그린랜드
혜성,658,그린랜드
순식간,329,그린랜드
카운트다운,329,그린랜드
마지막,329,그린랜드
인류,329,그린랜드
벙커,329,그린랜드
그린란드,329,그린랜드
대피소,329,그린랜드
안전,329,그린랜드
존,329,그린랜드
초대형,329,그린랜드
혼돈,329,그린랜드
캘리포니아,329,그린랜드
대도시,329,그린랜드
비롯,329,그린랜드
파편,329,그린랜드
해상,329,그린랜드
달리,329,그린랜드
예측,329,그린랜드
항공우주,329,그린랜드
버틀러,329,그린랜드
제라드,329,그린랜드
속보,329,그린랜드
충돌,329,그린랜드
시작,329,그린랜드
엄마,302,런
일상,302,런
매일,151,런
모든,151,런
발견,151,런
물건,151,런
장바구니,151,런
식탁,151,런
긍정,151,런
덕분,151,런
사랑,151,런
클로이,151,런
외딴,151,런
타고,151,런
휠체어,151,런
장애,151,런
시작,151,런
소녀,1872,내가 죽던 날
현수,936,내가 죽던 날
형사,624,내가 죽던 날
사건,624,내가 죽던 날
추적,312,내가 죽던 날
가족,312,내가 죽던 날
마지막,312,내가 죽던 날
목격,312,내가 죽던 날
마을,312,내가 죽던 날
주민,312,내가 죽던 날
순천,312,내가 죽던 날
행적,312,내가 죽던 날
고통,312,내가 죽던 날
홀로,312,내가 죽던 날
연락,312,내가 죽던 날
가슴,312,내가 죽던 날
수사,312,내가 죽던 날
진행,312,내가 죽던 날
모습,312,내가 죽던 날
점점,312,내가 죽던 날
이면,312,내가 죽던 날
진실,312,내가 죽던 날
두절,312,내가 죽던 날
담당,312,내가 죽던 날
전직,312,내가 죽던 날
복직,312,내가 죽던 날
태풍,312,내가 죽던 날
외딴섬,312,내가 죽던 날
절벽,312,내가 죽던 날
유서,312,내가 죽던 날
장만,312,내가 죽던 날
공백,312,내가 죽던 날
이후,312,내가 죽던 날
범죄,312,내가 죽던 날
보호,312,내가 죽던 날
주요,312,내가 죽던 날
증인,312,내가 죽던 날
실종,312,내가 죽던 날
자살,312,내가 죽던 날
종결,312,내가 죽던 날
위해,312,내가 죽던 날
향,312,내가 죽던 날
걸음,312,내가 죽던 날
하늘,210,신비아파트 극장판 하늘도깨비 대 요르문간드
비행기,140,신비아파트 극장판 하늘도깨비 대 요르문간드
도깨비,140,신비아파트 극장판 하늘도깨비 대 요르문간드
주비,140,신비아파트 극장판 하늘도깨비 대 요르문간드
공격,140,신비아파트 극장판 하늘도깨비 대 요르문간드
시작,140,신비아파트 극장판 하늘도깨비 대 요르문간드
요르문간드,140,신비아파트 극장판 하늘도깨비 대 요르문간드
친구,140,신비아파트 극장판 하늘도깨비 대 요르문간드
하리,140,신비아파트 극장판 하늘도깨비 대 요르문간드
강림,70,신비아파트 극장판 하늘도깨비 대 요르문간드
괴수,70,신비아파트 극장판 하늘도깨비 대 요르문간드
한편,70,신비아파트 극장판 하늘도깨비 대 요르문간드
창공,70,신비아파트 극장판 하늘도깨비 대 요르문간드
퇴마사,70,신비아파트 극장판 하늘도깨비 대 요르문간드
선택,70,신비아파트 극장판 하늘도깨비 대 요르문간드
파괴,70,신비아파트 극장판 하늘도깨비 대 요르문간드
위해,70,신비아파트 극장판 하늘도깨비 대 요르문간드
합류,70,신비아파트 극장판 하늘도깨비 대 요르문간드
세상,70,신비아파트 극장판 하늘도깨비 대 요르문간드
부활,70,신비아파트 극장판 하늘도깨비 대 요르문간드
왕국,70,신비아파트 극장판 하늘도깨비 대 요르문간드
거세,70,신비아파트 극장판 하늘도깨비 대 요르문간드
전설,70,신비아파트 극장판 하늘도깨비 대 요르문간드
구,70,신비아파트 극장판 하늘도깨비 대 요르문간드
큐트,70,신비아파트 극장판 하늘도깨비 대 요르문간드
정체,70,신비아파트 극장판 하늘도깨비 대 요르문간드
순간,70,신비아파트 극장판 하늘도깨비 대 요르문간드
소환,70,신비아파트 극장판 하늘도깨비 대 요르문간드
금비,70,신비아파트 극장판 하늘도깨비 대 요르문간드
신비,70,신비아파트 극장판 하늘도깨비 대 요르문간드
발견,70,신비아파트 극장판 하늘도깨비 대 요르문간드
날개,70,신비아파트 극장판 하늘도깨비 대 요르문간드
남매,70,신비아파트 극장판 하늘도깨비 대 요르문간드
두리,70,신비아파트 극장판 하늘도깨비 대 요르문간드
여행,70,신비아파트 극장판 하늘도깨비 대 요르문간드
가족,70,신비아파트 극장판 하늘도깨비 대 요르문간드
겨울방학,70,신비아파트 극장판 하늘도깨비 대 요르문간드
모험,70,신비아파트 극장판 하늘도깨비 대 요르문간드
인권,127,프리즌 이스케이프
조각,127,프리즌 이스케이프
번의,127,프리즌 이스케이프
단,127,프리즌 이스케이프
목숨,127,프리즌 이스케이프
확률,127,프리즌 이스케이프
아무,127,프리즌 이스케이프
지금껏,127,프리즌 이스케이프
시작,127,프리즌 이스케이프
만들기,127,프리즌 이스케이프
열쇠,127,프리즌 이스케이프
강철,127,프리즌 이스케이프
운동,127,프리즌 이스케이프
위해,127,프리즌 이스케이프
결심,127,프리즌 이스케이프
탈출,127,프리즌 이스케이프
굴복,127,프리즌 이스케이프
불의,127,프리즌 이스케이프
투옥,127,프리즌 이스케이프
판결,127,프리즌 이스케이프
스티븐,127,프리즌 이스케이프
과,127,프리즌 이스케이프
기회,127,프리즌 이스케이프
조제,602,조제
시작,602,조제
감정,602,조제
경험,301,조제
모든,301,조제
기억,301,조제
낯선,301,조제
가슴,301,조제
한편,301,조제
사랑,301,조제
영석,301,조제
처음,301,조제
만난,301,조제
세계,301,조제
상상,301,조제
곳,301,조제
단둘,301,조제
할머니,301,조제
순간,301,조제
트럼프,284,밤쉘: 세상을 바꾼 폭탄선언
앵커,284,밤쉘: 세상을 바꾼 폭탄선언
권력,284,밤쉘: 세상을 바꾼 폭탄선언
폭스뉴스,284,밤쉘: 세상을 바꾼 폭탄선언
마고,142,밤쉘: 세상을 바꾼 폭탄선언
제왕,142,밤쉘: 세상을 바꾼 폭탄선언
회장,142,밤쉘: 세상을 바꾼 폭탄선언
야심,142,밤쉘: 세상을 바꾼 폭탄선언
폭스,142,밤쉘: 세상을 바꾼 폭탄선언
페이스,142,밤쉘: 세상을 바꾼 폭탄선언
케일라,142,밤쉘: 세상을 바꾼 폭탄선언
포스,142,밤쉘: 세상을 바꾼 폭탄선언
로비,142,밤쉘: 세상을 바꾼 폭탄선언
키드,142,밤쉘: 세상을 바꾼 폭탄선언
역시,142,밤쉘: 세상을 바꾼 폭탄선언
충격,142,밤쉘: 세상을 바꾼 폭탄선언
최대,142,밤쉘: 세상을 바꾼 폭탄선언
폭탄,142,밤쉘: 세상을 바꾼 폭탄선언
선언,142,밤쉘: 세상을 바꾼 폭탄선언
이제,142,밤쉘: 세상을 바꾼 폭탄선언
역전,142,밤쉘: 세상을 바꾼 폭탄선언
언론,142,밤쉘: 세상을 바꾼 폭탄선언
칼슨,142,밤쉘: 세상을 바꾼 폭탄선언
니콜,142,밤쉘: 세상을 바꾼 폭탄선언
동료,142,밤쉘: 세상을 바꾼 폭탄선언
대선,142,밤쉘: 세상을 바꾼 폭탄선언
후보,142,밤쉘: 세상을 바꾼 폭탄선언
토론회,142,밤쉘: 세상을 바꾼 폭탄선언
설전,142,밤쉘: 세상을 바꾼 폭탄선언
간판,142,밤쉘: 세상을 바꾼 폭탄선언
켈리,142,밤쉘: 세상을 바꾼 폭탄선언
샤를,142,밤쉘: 세상을 바꾼 폭탄선언
리즈,142,밤쉘: 세상을 바꾼 폭탄선언
테론,142,밤쉘: 세상을 바꾼 폭탄선언
계속,142,밤쉘: 세상을 바꾼 폭탄선언
트위터,142,밤쉘: 세상을 바꾼 폭탄선언
공격,142,밤쉘: 세상을 바꾼 폭탄선언
화제,142,밤쉘: 세상을 바꾼 폭탄선언
중심,142,밤쉘: 세상을 바꾼 폭탄선언
한편,142,밤쉘: 세상을 바꾼 폭탄선언
시작,142,밤쉘: 세상을 바꾼 폭탄선언
